[],@maggieNYT When is Trump going pardon Blagojevich?,PopeGoodpope,
['SmartNews'],RT @LShackkeford: Nancy Pelosi's very big accusation against the White House - CNNPolitics #SmartNews  https://t.co/W1GeiirpNW,LShackkeford,United States
[],"RT @JuddLegum: Yes, the Buzzfeed article, if true, means Mueller has caught Trump committing multiple felonies to avoid the truth getting o‚Ä¶",DaniellaSatter,"New York, USA"
[],Nastya Rybka: Russia seizes model who made Trump collusion claim https://t.co/kRlQjz6M3p @BBCBreaking https://t.co/pDWtMyPoeF,TrueNewsDIngles,
[],"RT @princetyy_: *Government shutdowns* 

Trump: ‚ÄúWhat are you gonna cook for us today?‚Äù 

The White House Chef: https://t.co/2Dyx2tIzy0",Of_Noble_Mien,South Carolina
[],"""That Is a CRIME!""CNN‚Äôs Alisyn Camerota ANNIHILATE Trump on BuzzFeed‚Äôs B... https://t.co/sevckwoM5k via @YouTube",MickeyGMorris1,
[],RT @alaskanfighter: Congratulations Oresident Trump. We are so proud of you! Vote Trump 2020! https://t.co/2YoJ4HTMO7,dukemerle,
[],RT @funder: BREAKING: The House Intel and House Judiciary Committees both confirm they are opening up investigations in to reports that Tru‚Ä¶,Bronzekat13,Midwest - USA 
[],RT @Rambobiggs: Bull shit. Stfu fake news https://t.co/cPD71RhQ0q,Oma8612,
[],"RT @mmpadellan: Weird when you realize that 20 years ago, Bill Clinton was impeached for lying about a blow job.

Not for TREASON.
Not for‚Ä¶",JoVinaGoVin,"Modesto, CA"
[],"RT @funder: Wow. Trump canceled Speaker Pelosi‚Äôs plane and leaked info so they couldn‚Äôt even fly commercially into a war zone, and also mee‚Ä¶",YObzejta,"New Jersey, USA"
[],"RT @TheOfficerTatum: Trump is standing up for America when most will not. 

I support the shutdown. 

Congress get your ish together!!",CharlesBumgarn3,"bedford, Va."
[],"@NormOrnstein @SenatorRomney ‚Äî already kissing Trumps a*s. 
Sad. Only been there a few weeks... joined the ‚ÄòTrump cult‚Äô",tweets_debs,USA  üá∫üá∏
[],"RT @sarahkendzior: This is the right move, Dems. Start the proceedings, get information into the public domain. Force transparency that is‚Ä¶",DexCMacB1,"Mayland, U.S.A"
[],"@SamScot11 What I like about you is that you're all opinion and no facts or logic whatsoever. Must be liberating!

https://t.co/vZ8iLjJivM",Remoaniac,"London, England"
[],"RT @DwyerWheelbrace: @realDonaldTrump Wall will sink what, 20,000,000,000 in the Texas desert? Invest it in Mexico to create jobs instead,‚Ä¶",DwyerWheelbrace,
[],"RT @CNN: In 2017, President Trump created an ""enemies list"" made up of members of his own administration, a former White House communicatio‚Ä¶",PaulHLindsey1,
[],RT @RepMikeQuigley: Coercing a witness to lie before Congress is the most serious example of obstruction of justice we‚Äôve seen yet. To all‚Ä¶,ednamaemae,United States
[],"RT @AaronBlake: Trump team's collusion denials:

1) No contact
3) Contacts not *planned*
4) Okay planned, but not re: campaign
5) Okay, but‚Ä¶",iamboku,"Santa Barbara, California"
['Trump'],"God, I love this man, #Trump !!!!!",Papi_Trump,"Texas, USA"
[],"God, she's good.",LaniKaiDuck,"Portland, Oregon"
[],"RT @DrGJackBrown: 6/  Of profound importance is Trump's vocal emphasis as he says the word, ""work"" (during 3:26, ""Not only did I never WORK‚Ä¶",RussellSieg,
[],"RT @buzzman888: ‚ö†Ô∏è Warning ‚ö†Ô∏è 

Extremely Dangerous.
@AOC‚Äôs House Speech Ridiculing Trump Becomes C-Spans ‚ÄòMost Viewed Twitter Video‚Äô EVER‚Ä¶",buzzman888,üá∫üá∏üá∫üá∏America The Beautifulüá∫üá∏üá∫üá∏
[],"RT @dbongino: Knowing what we now know about Andrew Weissmann‚Äòs role in briefings about the discredited dossier in Mid-2016, how is that Bo‚Ä¶",VickieLFisher,"Washington, USA"
[],"@realDonaldTrump @FoxNews Cohen is the frosting on the cake...there are texts, documents, other witnesses, maybe ev‚Ä¶ https://t.co/325AaHLlTf",katzoecat,
[],RT @essenviews: ‚ÄúMs. Trump... was only minimally involved‚Äù:  Ivanka Trump issues carefully worded denial of BuzzFeed report on Trump Tower‚Ä¶,FancyNancy2018,"California, USA"
[],The guy is a modern-day Henry VIII.,JoshForNY,"Oyster Bay, NY"
[],"RT @SethAbramson: Everyone realizes Trump *also* told his *son* to lie to Congress, right? I mean, nobody is doubting that, based on the ev‚Ä¶",msGeek2000,Earth
[],RT @sarahkendzior: Part of the reason some people are reluctant to accept the sheer horrific scope of what the Trump admin does is lack of‚Ä¶,t_huntzz,√∏ ||9
[],"RT @PalmerReport: Donald Trump's day so far

- Nailed for suborning perjury
- Responds by threatening Michael Cohen's family
- Oops, that's‚Ä¶",kwente70,"Kentucky, USA"
[],RT @WayneDupreeShow: So wait. Adam Schiff is angry that Trump is forcing him to do his job? Perish the thought. https://t.co/q6GRpVaTuz,Rayreed15456358,United States
[],RT @aaronjmate: For some reason it's still considered objectionable to point out that no evidence has emerged of Trump-Russia collusion. Wo‚Ä¶,JSKirby3,"Wilderness, U.S.A.    Pol. Incorrect #DrainTheSwamp  FundTheWall.com    Never Forget #Benghazi  #WalkAway #WWG1WGA  List&DM's=Block"
[],"RT @Jim_Jordan: Summer 2016‚ÄîOhr talks w/ Steele. Ohr then meets with FBI and DOJ and tells them:

-Steele is ‚Äúdesperate Trump not win‚Äù
-Ste‚Ä¶",MinottJudith,
[],RT @romyreiner: Trump still doesn‚Äôt understand how this whole ‚Äúpresident‚Äù thing works.,oneTRUTHTOPOWER,
[],"You cannot tell me that a Trump has a time marching and he has not
1. Inadvertently destroyed the world in a time m‚Ä¶ https://t.co/2rbUufMkNX",JacksonTweetor,
[],"RT @xwordmark: Of course Cohen is going to say Trump told him to do it - it‚Äôs his only lifeline!

If it were true, why wouldn‚Äôt he use that‚Ä¶",dpretto33RTM,"Tennessee, USA"
[],RT @TheDweck: He has paid for more abortions than hamburgers https://t.co/PdOVZrJv7C,katieliza92,"Washington, DC"
[],"RT @Shakestweetz: So, Lindsey Graham is with Erdogan, Mike Pompeo's with North Korea, John Bolton is asking the Pentagon for plans to go to‚Ä¶",jonathan94002,"San Mateo, CA"
[],RT @natasharothwell: If BuzzFeed takes down Trump y'all gonna take those quizzes more seriously.,clarkgregg,All up in this place
[],"RT @jeremynewberger: Here is how we're gonna do this.

1. Trump needs to resign.
2. Pence too.
3. Pelosi becomes President.
4. Government t‚Ä¶",JaiyhanaB,Somewhere Minding my Business
[],RT @firouz72983897: @shaparak_19 @sanaz_sk British MPs have urged Trump to see their Twitter. Tramp had replayed the tweets of a British fa‚Ä¶,sanaz_sk,iran
[],"RT @kimmi_chelle: Romney, nor McCain would have ever had the gonads to do this!
THIS.... THIS is why WE stand with Trump 
Trump Postpones P‚Ä¶",BumbleVEEMe,Sheltered In The Arms Of #GOD!
[],RT @brianefallon: Trump said - on tape - he wanted to shut the down the government and would happily own it. The Democrats' position is mer‚Ä¶,ToplessTopics,"Portland, OR"
[],RT @gatewaypundit: PELOSI CONFRONTED! Stutters Through Response to Reporters! - Repeats Crackpot Claim That Trump Endangered Her Life (VIDE‚Ä¶,MrMScMan,
[],"RT @RedTRaccoon: The only tweet I want to see from @realDonaldTrump is...

Mr. Secretary,

Effective immediately, I hereby resign the Offic‚Ä¶",DLP75902038,
[],"RT @djrothkopf: Note: There will come a day when having anything to do with Trump, working with him, supporting him, or actively defending‚Ä¶",redboybroken,
[],@Drew_Hammill If trump could kill all Dems he wouldüíØ,raidernation162,
[],RT @RepBarbaraLee: Let‚Äôs be very clear what happened last night: President Trump was so desperate to score political points that he willful‚Ä¶,MzDIS,Watchin' the Tide Roll Away
[],RT @ChasingOzPhotog: Why is @LindseyGrahamSC in Turkey during the government shutdown but @SpeakerPelosi can‚Äôt visit NATO and our Troops?‚Ä¶,ITDad66,
[],RT @MichaelAvenatti: It is laughable that Michael Cohen now seeks to excuse away each of his illegal and unethical acts by simply claiming‚Ä¶,IrishDharmaDog,
[],"RT @JamesKosur: While I was commenting on how much this would piss Trump off Twitter user 
@HusbandLauri pointed out that ""Washington Feder‚Ä¶",ACIM_Student,Jersey Shore -Nothing like the show!
[],"RT @AshaRangappa_: As I mentioned on @NewDay, AG nominee Bill Barr‚Äôs memo basically lays out the legal theory roadmap for why Trump suborni‚Ä¶",MikeyMooseNC,"High Point, NC"
[],@pheadrick @DonaldJTrumpJr Congrats to the dumb M'fing TRAITOR TRUMP for most and longest government shutdowns‚Ä¶ https://t.co/2kc8wabQfu,HingleM13834235,"Naperville, IL"
[],"RT @psychdr100: If Trump threatened journalists with murder, his supporters say, ""no problem"". Jack Dorsey won't say if tweet threatening m‚Ä¶",pirateannie16,
[],"RT @dick_nixon: Remember Mueller asked Trump a direct written question about what he told Cohen in regards to ""Russian real estate developm‚Ä¶",BradMasterson1,
[],RT @lancewallnau: Donald Trump will be first US president in 45 years to speak at pro-life march https://t.co/50wtNcGcGB,HHudek,
[],Everyone close your eyes and imagine life without trump as president.,MrTacoman7,"San Francisco, CA"
[],"@RanttMedia @RepJerryNadler @RepAdamSchiff @JoaquinCastrotx I don't want Trump to resign, because he can relocate t‚Ä¶ https://t.co/mKnPZTEVti",hypatia264,in superposition
['Trump'],@grantstern @OccupyDemocrats Another #Trump dweeb.,David_J_Koch,"Jacksonville, FL"
[],RT @politicususa: Trump Embarrasses Himself By Canceling Trip Pelosi Wasn't Going On https://t.co/qghDBWkPTt via @politicususa,RayHa31988088,
[],RT @mvgal92691: Pelosi aide accuses Trump team of security threat by leaking new Afghanistan plans https://t.co/tPdPtDJn8p via @politico,bfitzinAR,
[],@realDonaldTrump @FoxNews Heres why it doesnt add up 1. Why would trump tell cohen to lie when there was no russian‚Ä¶ https://t.co/zHuoGX9VRd,woodpayne,
[],"RT @LindseyGrahamSC: Revelations that Bruce Ohr told senior DOJ and FBI officials that dossier author Christopher Steele:
 
1) was biased a‚Ä¶",ColeenC123,"Franklin, TN"
[],"RT @brianbeutler: Mainstream news coverage of the shutdown is regressing back into a ""both sides dug in"" comfort zone. This is  a disservic‚Ä¶",jinxy51,
[],RT @NBCNews: BREAKING: Speaker Pelosi's office accuses Trump admin. of leaking commercial travel plans after the president canceled militar‚Ä¶,mijomojo1,"Tucson, AZ"
[],"RT @DavidNakamura: Trump is currently meeting in Oval with North Korea's lead nuclear negotiator, the nation's former spy chief who a South‚Ä¶",AnnRichards888,
[],"RT @kazweida: If @SpeakerPelosi is reading what I‚Äôm reading, I think we wake up to impeachment proceedings beginning in the house tomorrow.‚Ä¶",JanuaryHandl,
['BuildIt'],RT @Redhead4645: @realDonaldTrump @seanhannity They fear ur tenacity! U r the best President in Modern History! #BuildIt I remember Vera Co‚Ä¶,LoseyLaurice,The wilderness of the lost. 
[],RT @mcbyrne: And take Pence with him! Time for President Pelosi! https://t.co/r3WVcEGjpy,ReinventUrWork,
[],"RT @GKeile: Obama, Hillary, Susan, lied to the American people about a video causing the death of 4 americans in Benghazi. FBI loved Obama‚Ä¶",rafat777,NW
[],"RT @docbeck: @realDonaldTrump Mr Trump, assuming as you say you have done nothing wrong. Are you not amazed by how many of your people are‚Ä¶",porella3967,"California, USA"
[],"RT @Mikel_Jollett: Russian interests are NOT US interests. Russia is a highly corrupt, violent kleptocracy with an economy the size of Ital‚Ä¶",Cmusiclover,"California, USA"
[],"RT @DeeDeeSchwartz3: Why does ANYONE say IF TRUMP TOLD COHEN TO LIE...,or IS TRUMP'S DENIAL TRUE? 

TRUMP LIES ABOUT EVERYTHING. WHAT DO TH‚Ä¶",retE8flygirl,"BFE, USA"
[],"RT @JoyceWhiteVance: If Trump told Cohen to lie to Congress, who else did he tell to lie to them? Did he tell anyone to lie to Mueller &amp; th‚Ä¶",JaneMarieGardn2,
[],"RT @K1erry: Donald Trump Addresses March For Life: Vows to Veto Pro-Abortion Bills.
¬†‚ÄúAnd we have the support to uphold those vetos.‚Äù https‚Ä¶",dej388,
[],"RT @55true4u: How about the 'Phone Records' for the Standard Hotel?...üè® üì± üëá 

House Intel Chairman Schiff Vows To Get Trump Jr. Phone Recor‚Ä¶",piprincess,Canada
[],"RT @coleyworld: Why Trump‚Äôs Directing Cohen, Others to Lie Would Be Far Worse Than Watergate | Just Security https://t.co/HyH1Ps1d4q",DeborahAlcorn,"Hudson, FL"
[],"RT @tomselliott: Rep. Omar: ""Lots of Americans"" agree with me that Trump is blackmailing Sen. Graham over his homosexuality https://t.co/xP‚Ä¶",HappyCycler,
[],"RT @55true4u: How about the 'Phone Records' for the Standard Hotel?...üè® üì± üëá 

House Intel Chairman Schiff Vows To Get Trump Jr. Phone Recor‚Ä¶",ReeseJohn_,World Wide
[],"RT @TheOfficerTatum: Trump is standing up for America when most will not. 

I support the shutdown. 

Congress get your ish together!!",RussellSchane,Ms.
[],RT @TomSteyer: No kidding this might really happen. He‚Äôs a crook! Let‚Äôs stop the pessimism and imagine positive outcomes. We can insist on‚Ä¶,mmspitz,"Menlo Park, CA"
[],"RT @Bornabrit1: If ANYONE DIES as a RESULT OF TRUMP SHUTDOWN 
üëáüëá

*Frozen to death - can't afford heat

*Starved to death -can't afford foo‚Ä¶",Linda06737183,"Raritan, NJ"
[],RT @RoKhanna: .‚Å¶@marcorubio‚Å© argues that withdrawing our troops will lead to more ISIS strikes. The reality is that the responsible withdra‚Ä¶,Erroljones15,Ft Collins
[],"RT @SethAbramson: Not a denial, actually, from the standpoint of a defense lawyer. If Ken's quote is accurate this is *not* the same as say‚Ä¶",403_Forbidden,
[],"RT @hawillisdc: ‚ÄúI-M-P-E-A-C-H-M-E-N-T, do you know what that means??‚Äù https://t.co/PQMm3YpT0g",Jessica_Snowden,"Maryland, USA"
[],"RT @DomenicoNPR: The percentage of people saying they STRONGLY DISAPPROVE  of the job @realDonaldTrump is doing is up to 45%, the highest s‚Ä¶",_kobster,"Atlanta, GA"
[],"RT @SenJeffMerkley: If this report of Trump suborning false testimony is confirmed, then Trump committed a felony and must resign or be imp‚Ä¶",ds_pinup_girl,Indiana
[],Taking Trump out will be the beginning of the end for the left.                    https://t.co/4wG2CjyRaP,MichaelSHubbar1,"Texas, USA"
[],A Trump supporter yells 'Go back to Puerto Rico!' at Dem rep. Turns out it was a GOP congressman. https://t.co/1roIqcNHUd,_Joy_R,
[],RT @VP: Honored to speak at the @March_for_Life. @POTUS Donald Trump is the most pro-life president in American history. But we know we sti‚Ä¶,cherishRfreedom,Virginia
[],"RT @eugenegu: @realDonaldTrump Trump needs to stop fear mongering about these caravans, especially since when they do get here they basical‚Ä¶",bkheath,"Baltimore, MD"
[],"RT @ChristopherNeth: Dmytro Firtash is a ***REALLY*** important person in the Trump-Russia investigation.

He knows EVERYTHING about Trump'‚Ä¶",StaarVellocet,United States
[],RT @AREvers: This is an incredibly important release from @SenJeffMerkley showing how the administration lied about its family separation p‚Ä¶,Nathan81980,
[],"RT @AndyKroll: NEW: Rep. Will Hurd ‚Äî a ***Texas Republican*** ‚Äî tells @RollingStone that @realDonaldTrump's border crisis is a ""myth.""

Hur‚Ä¶",LauraBergerol,"New Orleans, LA"
[],"RT @willripleyCNN: As far as we know, the meeting with President Trump and North Korea‚Äôs top negotiator Kim Yong Chol at the White House is‚Ä¶",ELINTNews,United Kingdom
[],"RT @brianefallon: This is McConnell's worst nightmare. He was counting on keeping a low profile through this, and letting it only be about‚Ä¶",Leila_Price,
[],RT @StickWithTrump: I believe President Trump should immediately allocate Pelosi her own transportation. It's only fair for her &amp; respectfu‚Ä¶,AvaHooks1,Middle America
[],@BuzzFeedNews That trump story better be real,yesimfatikno,uranus
[],RT @ZanderKelly30: New Poll Shows Joe Biden With Big Lead Among Potential POTUS Candidates https://t.co/2Bwjwlc3Jd via @dailycaller,SkippyManuel,
[],"RT @KalebScott_: Trump: ‚ÄúYou boys enjoing your big macs?‚Äù

Clemson Tigers: 
 https://t.co/W9C4SNt7od",SAngeLo95,
[],RT @TeaPainUSA: Tea would wager that Trump instructed all his folks to lie to Congress because he knew Nunes and his other GOP imps and dem‚Ä¶,9796773phil,ON
[],@tripspackler @funder @realDonaldTrump Funny you should say that -- because Trump HAS used time travel. So did Bara‚Ä¶ https://t.co/HkfnRy61gY,scad8589,
[],RT @TeaPainUSA: Tea would wager that Trump instructed all his folks to lie to Congress because he knew Nunes and his other GOP imps and dem‚Ä¶,freehawk,the ATL GA SC
[],"RT @sarahkendzior: This is the right move, Dems. Start the proceedings, get information into the public domain. Force transparency that is‚Ä¶",stevnlari,"Boston, MA"
[],"For shame!

FLOTUS Jets To Florida On Military Plane After Trump Halts Pelosi‚Äôs Troop Visit
https://t.co/QWH261vCTL",jsayler,Las Vegas
[],"RT @brianefallon: This is McConnell's worst nightmare. He was counting on keeping a low profile through this, and letting it only be about‚Ä¶",snailkite_FL,"Virginia, USA"
[],RT @alink2stc: Sorry @LindseyGrahamSC you are most definitely wrong on this one! @SpeakerPelosi had no business leaving town during a shutd‚Ä¶,youlosenordys,"California, USA"
[],RT @TeaPainUSA: Tea would wager that Trump instructed all his folks to lie to Congress because he knew Nunes and his other GOP imps and dem‚Ä¶,therealturdf,United States
[],trump will die in jail. Lock him up!,midsummer_dream,
[],"RT @bud_cann: Democrats got drunk on the beach in Puerto Rico during the shutdown, Ruth Bader Ginsberg is rumoured to be giving Trump a thi‚Ä¶",LisaMWall3,Flyover Country
[],RT @VP: Honored to speak at the @March_for_Life. @POTUS Donald Trump is the most pro-life president in American history. But we know we sti‚Ä¶,JeffPassage,Non-Calvinist Territory
[],Kudos to California for doing the right thing. Civil disobedience has long been a tool for calling out unjust situa‚Ä¶ https://t.co/DxUWeFRGV4,CareDavis22,"Chicago, IL"
[],"RT @gtconway3d: Five tweets this morning, and in every one, you‚Äôve misspelled ‚ÄúI never had any conversation with Michael Cohen about his te‚Ä¶",qmindora,
[],"RT @funder: BREAKING: Senator Merkley just said if the report Trump told Cohen to lie to Congress is confirmed, then Trump committed a felo‚Ä¶",MosesRoss,"Portland, OR"
[],RT @GeorgeTakei: I would accept a plea bargain by both Trump and Pence to resign in exchange for leniency in sentencing. Madam Pelosi could‚Ä¶,rglass09,
[],RT @TeaPainUSA: Tea would wager that Trump instructed all his folks to lie to Congress because he knew Nunes and his other GOP imps and dem‚Ä¶,KarenATTaylor,"Ktown,NC"
[],Good thread summarizing the level of corruption in the @GOP,fel0ncod3,"San Francisco, CA"
[],"RT @AndyKroll: NEW: Rep. Will Hurd ‚Äî a ***Texas Republican*** ‚Äî tells @RollingStone that @realDonaldTrump's border crisis is a ""myth.""

Hur‚Ä¶",ImDavidDunn,FedexField/PhoneBooth/NatsPark
[],"RT @TeaPainUSA: MORE:  Reporter on MSNBC confirms that prosecutors has documentation to back up Cohen‚Äôs testimony.

This is straight-up cri‚Ä¶",FlipNoir,
[],RT @kylegriffin1: Asked if she viewed Trump canceling her overseas congressional trip as retaliation for her calling to reschedule the Stat‚Ä¶,AM_Forsaken,"Glen Allen, Virginia"
[],@TheResistance52 It‚Äôs a wig he found in Trump‚Äôs closet..üòÇ,Ava_ABQuteee,
[],"RT @funder: Wow. Trump canceled Speaker Pelosi‚Äôs plane and leaked info so they couldn‚Äôt even fly commercially into a war zone, and also mee‚Ä¶",SFairclough1956,"Oregon, USA"
[],"@LeeChatfield @realDonaldTrump Let me guess, young, inexperienced @leechatfield is a gullible Repuglican...am I rig‚Ä¶ https://t.co/IfJNDZZs7a",O__Canada,Earth
[],Thread,Jlawler_,United States
[],Stephen Colbert and Trevor Noah shake their heads at Trump's Pelosi retaliation move https://t.co/n0c7WhPVRx via @TheWeek,CaroleCasuco,
[],RT @VP: Honored to speak at the @March_for_Life. @POTUS Donald Trump is the most pro-life president in American history. But we know we sti‚Ä¶,dchopsey,"Freeland, PA"
[],@realDonaldTrump 32% of Americans rather be a Russian then a dem. Even after u remove the dem title they hate us so‚Ä¶ https://t.co/gIKaz7cGHY,Nesta44526481,
[],"RT @BuzzFeedNews: Sources also say Trump, along with his children Ivanka and Donald Jr., received regular, detailed updates about the proje‚Ä¶",BernieBuddy16,"Los Angeles, CA"
[],RT @mitchellreports: .@SpeakerPelosi cannot use military plane to war zone and NATO that speakers are entitled to (for security since 9/11‚Ä¶,dakotachild,
[],"RT @NatashaBertrand: NEW: In a shift, Dems will not necessarily wait for Mueller's findings to launch impeachment proceedings, I'm told. Ba‚Ä¶",uptwnsh,"phoenix, az, usa"
[],"RT @SenSanders: We must repeal the Trump tax breaks for the top 1% and large, profitable corporations. At a time of massive income and weal‚Ä¶",nerd_matthew,"Lindenhurst, NY"
[],"RT @sarahkendzior: This is the right move, Dems. Start the proceedings, get information into the public domain. Force transparency that is‚Ä¶",Carolyn00287950,"Orangeburg, SC"
[],"RT @funder: BREAKING: Senator Merkley just said if the report Trump told Cohen to lie to Congress is confirmed, then Trump committed a felo‚Ä¶",RodSan13,Sunshine @ Heart. Geography is a Circumstance
[],Good article. - How will history judge President Trump? https://t.co/ridRzz87V8,Pamtheism,"Jaw-ja (Georgia, USA)"
[],RT @TeaPainUSA: Tea would wager that Trump instructed all his folks to lie to Congress because he knew Nunes and his other GOP imps and dem‚Ä¶,Tao_of_Otter,"Grouchy, cuddly, and in the #R"
[],"RT @keithboykin: So Trump asked Russia to hack a US citizen.

He gave classified intel to Russians.

His campaign chair gave confidential p‚Ä¶",strongone1969,"Red Oak, TX"
[],"RT @Millie__Weaver: I disagree with Trump cancelling Nancy Pelosi's flight to Afghanistan. 

He should've cancelled her return flight...

#‚Ä¶",SlavinBen,
[],"RT @WayneDupreeShow: One thing we do know for a fact. 

Pres. Trump has not stopped working to improve this country's economy, and the oppo‚Ä¶",mrguysinger,USA
[],RT @RepJoeKennedy: It‚Äôs the most devastating hallmark of this Administration‚Äôs policies. A complete indifference to the suffering of fellow‚Ä¶,_deadbinladen,the ether.
[],"RT @nytpolitics: The only red-state Senate Democrat up for re-election in 2020, Doug Jones is taking on President Trump and the wall, which‚Ä¶",JoeAndy74611394,
[],RT @vermontgmg: I break down the six things that really stand out to me about the Michael Cohen news. Short answer: it's a really big deal.‚Ä¶,mpaps282,"Ashland, MA"
[],RT @rabiasquared: You know Trump thinks our prayer rugs fly https://t.co/Jl509wLNig,AndrewMystic56,"Llanfair Pwllgwyngyll, Wales"
[],"RT @tedlieu: As a former prosecutor, I can tell you that how a target responds to allegations is something we watch closely.

Does @realDon‚Ä¶",juliereiber,New York City
[],RT @Acosta: Pelosi‚Äôs office says her delegation tried to continue with Afghanistan trip by flying commercial but that Trump letter exposed‚Ä¶,Dolphin_Tj34698,
[],"RT @Shakestweetz: So, Lindsey Graham is with Erdogan, Mike Pompeo's with North Korea, John Bolton is asking the Pentagon for plans to go to‚Ä¶",helvering,"Princeton, NJ, USA"
[],"RT @RB_killnem: Obama going to five guys and picking up the tab for the ppl in there isn‚Äôt  comparable to Trump planning a catered banquet,‚Ä¶",_PartyFeauxSean,
[],RT @SallyQYates: This shouldn‚Äôt get lost in the avalanche of crazy.  The wall we need is between DOJ and the White House. The foundation of‚Ä¶,Michael53834689,Mi
[],"RT @JacksonLeeTX18: If true, this is a serious breach of the @POTUS's constitutional oath to ""preserve, protect and defend"" the Constitutio‚Ä¶",Ismwatcher_up,
[],RT @kylegriffin1: Asked if she viewed Trump canceling her overseas congressional trip as retaliation for her calling to reschedule the Stat‚Ä¶,tylerelives,"Prospect Park South, Brooklyn"
[],"Again, Trump still being President is unprecedented in American history? @UCBerkeley https://t.co/e1raDuWkxg",hanjangho76,"San Jose, CA"
[],"RT @TopRopeTravis: Lindsey Graham flies to Turkey hours after Trump grounded Nancy Pelosi‚Äôs plane to visit troops in Afghanistan, citing no‚Ä¶",The_Otter_Queen,Trapped inside my own head
[],"RT @hardball: On Trump and the government shutdown, @HardballChris says: ""He's the one the buck stops with.‚Äù
https://t.co/cIV5IBUOKf",pfltobias,United States
[],"RT @ABC: Speaker Nancy Pelosi on whether Pres. Trump's cancellation of congressional trip was ""retaliation"" for her suggestion to reschedul‚Ä¶",AmyBethFreed1,"Lakeland, FL"
[],RT @krassenstein: The President is now implicated in 2 felonies related to campaign finance violations and at least one felony related to t‚Ä¶,BBCWBeaver,earth
[],RT @maydaymindy9: There was a point many moons ago when I thought Melania Trump was just an innocent who married the wrong dirty old man an‚Ä¶,David03404811,
[],RT @girlsreallyrule: Here is White House spokesperson Hogan Gidley refusing three times to answer whether Trump told Michael Cohen to lie t‚Ä¶,Defeat_Trump2,"The Milky Way Galaxy, Universe"
[],RT @DailyCaller: Live footage of Nancy Pelosi after finding out Trump grounded her flight https://t.co/1RGKdzfiSA,blueraider10,
[],"RT @benwikler: Strange grownups in uniforms putting you in a cage, taking your parents away, and then forgetting who you are is literally t‚Ä¶",luckylindy31,Dallas
[],RT @Lawrence: How many articles of impeachment is too many? https://t.co/ZLWDmpGJt5,jacobhwasserman,NJ
[],"RT @brycetache: If Trump, a pathological liar under multiple investigations, told Cohen to lie to Congress, then we have all the evidence w‚Ä¶",Grwow,"Kentucky, USA"
[],"Defying Trump Administration, Calif. Offers Federal Workers Unemployment Benefits https://t.co/sR36zNijkU",PSheppardTV,WorldWide 80Million StealthRUs
['Pelosi'],RT @AndyOstroy: Dear Future 2019 President #Pelosi: please hold your ground. Democrats cannot give an inch to this corrupt thieving traitor‚Ä¶,emmydarcy88,La La Land
[],"RT @TopRopeTravis: Lindsey Graham flies to Turkey hours after Trump grounded Nancy Pelosi‚Äôs plane to visit troops in Afghanistan, citing no‚Ä¶",BillShedd,"Texas, USA"
[],"@ElSoderbergho I know we all want to go back to before Trump was President, but not like this!",AVClubCZ,"Greendale County, CO"
[],RT @funder: BREAKING: The House Intel and House Judiciary Committees both confirm they are opening up investigations in to reports that Tru‚Ä¶,diegoh623,Bay Area
[],"RT @DavidCayJ: No denial by @realDonaldTrump or @WhiteHouse of @buzzfeed report accusing Trump of directing a felony from the Oval Office,‚Ä¶",vaculb,"Polk County, FL"
[],RT @natasharothwell: If BuzzFeed takes down Trump y'all gonna take those quizzes more seriously.,superiorlesbo,
[],RT @SusanHutcheson6: @JuliusWhigham With the shutdown guess you can only fly in a military plane if you are going to a Trump property. Anyo‚Ä¶,trumpscarnage,"Michigan, USA"
[],"RT @realDonaldTrump: ‚ÄúFormer @NYTimes editor Jill Abramson rips paper's ‚Äòunmistakably anti-Trump‚Äô bias.‚Äù

Ms. Abramson is 100% correct. Hor‚Ä¶",RamonSalassar,"Denver, Colorado, The US"
[],"Trump:  Are you going to give me my wall?
Pelosi: No.
Trump: Bye.
Pelosi: No Trump in my House.
Trump: Hold my Big‚Ä¶ https://t.co/vKMiF5phOX",babysgramma,
[],"RT @adriandt31: *PELOSI FREAKS*
Accuses Trump of Putting
Her Life in Danger By Pulling Plane Access &amp; ‚ÄòLeaking Commercial Travel Plans

@PO‚Ä¶",spears2345,chicago IL
[],"@LouDobbs God bless America. We have truly great leaders, President Trump and VP Pence, Make America Great Again ea‚Ä¶ https://t.co/qPLGs8ksde",Jason76888132,
[],"RT @JoyceWhiteVance: If Trump told Cohen to lie to Congress, who else did he tell to lie to them? Did he tell anyone to lie to Mueller &amp; th‚Ä¶",Gdady22,Arizona and Alabama  #RTR
[],"RT @AlxThomp: Larry hogan as a primary challenger? He ‚Äúhas been implicitly going after Trump in speeches, meeting with Never Trump Republic‚Ä¶",HunterMw,
[],RT @kenolin1: DONALD TRUMP CONSPIRED WITH RUSSIA BECAUSE HE WANTED A STUPID HOTEL IN MOSCOW WITH HIS NAME ON IT AND GOLD TOILETS IN THE ROO‚Ä¶,_Shua_007,"Seattle, WA"
[],"RT @DerekCressman: Pelosi‚Äôs Trip Was Closely Held Military Secret, Trump Publicized It To Hurt Her
https://t.co/Dwq48iWcVf",ZanGreen1,
[],"RT @neal_katyal: My god. In the wake of the devastating Puerto Rico hurricane, ""Trump told then-White House Chief of Staff John F. Kelly ..‚Ä¶",valenciaj305,Miami
[],If that place was the vast expanse of the inside of @realDonaldTrump head then mission accomplished.,ggrmcd,Wherever I may be
[],"RT @NatashaBertrand: A similar bill, called the NATO Support Act, was introduced in the House today by Dem Rep. Jimmy Panetta. Co-sponsored‚Ä¶",tsimp512,"SLC, UT."
[],"RT @mattmfm: Once Trump has vacated the White House and this national nightmare is behind us, never ever forget the Republicans who knowing‚Ä¶",pyrmomma,NC
"['mexicanas', 'Trump', 'TheWall', 'TrumpShutdown2019']","RT @realimpe: @realDonaldTrump A message for #mexicanas from #Trump 
#TheWall 
#TrumpShutdown2019 https://t.co/yST8j1VLiE",RhiLezBReal,"Reno, NV"
[],"Zucker would air empty podiums at trump rallies while other candidates were speaking elsewhere. Even today, there i‚Ä¶ https://t.co/Ljiiu7EUXt",rakeshlobster,"New York, USA"
[],"RT @mrbromwich: Nice try, but the report is that Cohen simply corroborated and confirmed a narrative based on emails, texts, other document‚Ä¶",SuzyBlueLady,Tennessee 
[],"RT @JeffMerkley: No question about it: if the @BuzzFeedNews account is proven true, Trump committed a felony that demands his resignation o‚Ä¶",KamalaDraft,A Fight Worth Having
[],"RT @TheBeatWithAri: .@iamcardib is right about the Trump shutdown

- Former U.S. Senator @bobtorricelli https://t.co/JGSHXoPDGT",daffodil139,"Roseville, CA"
[],RT @voxdotcom: A new report says that Trump urged his team to violate the law and redirect Puerto Rico's disaster assistance money to Texas‚Ä¶,Laurie48168311,United States
[],"RT @JoaquinCastrotx: If the @BuzzFeed story is true, President Trump must resign or be impeached.",USCGmommyJudi,"Port Angeles, WA"
[],RT @LaylaAlisha11: New Poll shows seismic shift among Latino voters since shutdown ‚ÄìThere‚Äôs a 19-pt swing in favor of Trump among Latino vo‚Ä¶,GroupHomepage,
[],"RT @Shakestweetz: So, Lindsey Graham is with Erdogan, Mike Pompeo's with North Korea, John Bolton is asking the Pentagon for plans to go to‚Ä¶",KimberlyBozman,United States
[],"RT @ABC: Speaker Nancy Pelosi on whether Pres. Trump's cancellation of congressional trip was ""retaliation"" for her suggestion to reschedul‚Ä¶",Stevielovmc27,Chicago
[],"RT @RepEscobar: There‚Äôs a crisis of leadership threatening democracy, and the border is being used as a bargaining chip. I‚Äôm asking my coll‚Ä¶",iamprogressive1,
[],RT @schul47: @Twin_Travel @almostjingo @BertyGonzalez4 They made Trump get a health check to make sure he was capable of taking office reme‚Ä¶,ReeseJohn_,World Wide
[],"RT @ShelbyKStewart: Hello! Anyone awake, @GOP? We've listened to your lies about the ""crisis"" at the border for weeks. Care to comment on a‚Ä¶",VotingGOPOut,United States
['SmartNews'],RT @LShackkeford: Trump White House reportedly sought to put Pelosi 'in her place' | MSNBC #SmartNews  https://t.co/16pKqgIGTA,LShackkeford,United States
"['maga', 'Resist', 'Trump', 'follo4follo']","RT @DTrumpPoll: How do you think history will judge @POTUS @realDonaldTrump?

#maga #Resist #Trump #follo4follo

Please vote &amp; RT to spread‚Ä¶",crlulukat,"California, USA"
[],RT @natasharothwell: If BuzzFeed takes down Trump y'all gonna take those quizzes more seriously.,isabel_28,"San Diego, CA"
[],RT @krassenstein: The President is now implicated in 2 felonies related to campaign finance violations and at least one felony related to t‚Ä¶,ltlbowtie,"Tennessee, USA"
[],"RT @FiveRights: Woodward &amp; Bernstein,
You guys should rejoin for one last important book.
I suggest you examine Trump Derangement Syndrome‚Ä¶",real_hendertc,United States
[],RT @DOlusegun: Atiku arriving Nigeria tomorrow with Trump voters in America like https://t.co/73SO30s83r,Vershyr,"KADUNA, NIGERIA"
[],"@LindseyGrahamSC @LinseyGrahamSC  has a weak character. He cannot stand a little pressure. Linsey, it is too early‚Ä¶ https://t.co/CECLfeCn3k",LuisERosa18,"Orlando, FL"
[],"RT @PalmerReport: Donald Trump's day so far

- Nailed for suborning perjury
- Responds by threatening Michael Cohen's family
- Oops, that's‚Ä¶",backspring2011,"Reston, VA"
[],RT @VP: Honored to speak at the @March_for_Life. @POTUS Donald Trump is the most pro-life president in American history. But we know we sti‚Ä¶,abosife2010,ÿπÿ®ÿØÿßŸÑÿ±ÿ≠ŸÖŸÜ ÿßÿ®Ÿàÿ≥ŸäŸÅ
[],"RT @AndyKroll: NEW: Rep. Will Hurd ‚Äî a ***Texas Republican*** ‚Äî tells @RollingStone that @realDonaldTrump's border crisis is a ""myth.""

Hur‚Ä¶",MapwifeJodi,"Tucson, AZ"
[],"RT @TheRickWilson: Hogan's job is on the line of course, but every surrogate for Trump should expect their denials on this question will co‚Ä¶",chriskrchr,"Left coast, USA"
[],"RT @superyayadize: Most of the military and vets agree with Trump: It's time to bring the troops home 

Let‚Äôs get back to protecting our in‚Ä¶",BryanMi96375167,
[],"RT @krassenstein: The pettiness and immaturity of this man never seizes to amaze me.

https://t.co/j3dbGyQs9L",Jewels8031,
[],"RT @gtconway3d: Five tweets this morning, and in every one, you‚Äôve misspelled ‚ÄúI never had any conversation with Michael Cohen about his te‚Ä¶",doubletime7, nyc
[],The New Jersey A.G. Taking on Trump https://t.co/zTtaObRWXu,PanthicReport,
[],"If you thought the BLUE WAVE was Righteous, you should see the BLUE TSUNAMI coming Feb 7, 2019 to @TheLastWord ! La‚Ä¶ https://t.co/oNxQHARNuR",JonnyHollywood1,"California, USA"
[],She needs to explain this in detail.,AverageJoeIowan,
[],"RT @SethAbramson: 4/ Rudy, like any defense lawyer, has learned when the journalists covering him, like Ken, are not going to force him to‚Ä¶",janetgag1,"Venice, FL"
[],"@KayaJones @tiedownguy @realDonaldTrump @POTUS YES!!  Please DON‚ÄôT GIVE UP OR GIVE IN to these lunatics, President‚Ä¶ https://t.co/ewBJiYgKbR",Truthisunpopul1,United States
[],"RT @kylegriffin1: Anastasia Vashukevich, the model from Belarus who claimed to have recordings involving Oleg Deripaska that she said would‚Ä¶",wayneewald6,
[],RT @StevenBeschloss: Mitch McConnell refused to allow a vote to secure Robert Mueller. He‚Äôs refused to bring up a vote to end the shutdown.‚Ä¶,Megson310,"Louisville, KY"
[],"RT @SenBlumenthal: If true, this is obstruction of justice, suborning perjury, &amp; conspiracy to lie to Congress. Individual-1 will no longer‚Ä¶",JasminLucci,"Cambridge,MA"
[],"RT @MaddowBlog: ""...the Intelligence Committee and Financial Services Committee are poised to dig into [Trump's] ties with Deutsche, one of‚Ä¶",murphy_nonna,"Philadelphia, Pa"
[],@chuckwoolery @BuzzFeed That‚Äôs ‚Äújournalism‚Äù in the Hate Trump media.,NitroBro2,
[],RT @MichaelAvenatti: .@AlanDersh - Do you remember when you arrogantly mocked me repeatedly for stating last Spring that your bestie Trump‚Ä¶,writebrainedny,
[],"RT @putinsclown: ""Only Trump seems not to have noticed that the US Attorney for the Southern District of New York, in his Dec. 7 memo regar‚Ä¶",dupergramp,California 96003
[],RT @BuzzFeedNews: BREAKING: President Trump personally directed his longtime attorney Michael Cohen to lie to Congress about negotiations t‚Ä¶,Fragonard1,"Bend, OR"
[],"RT @Kennymack1971: Michael Moore can go fuck himself.

Kneecaps Democrats at every turn.

Wants to jump in now the wheels are coming off of‚Ä¶",MC_Hesher,Casa Lemongrab
[],"RT @sarahkendzior: This is the right move, Dems. Start the proceedings, get information into the public domain. Force transparency that is‚Ä¶",remlapz,
[],"RT @tedlieu: Based on this very incriminating Buzzfeed article, wondering if @realDonaldTrump is going to tweet ""No Subornation of Perjury!‚Ä¶",JenCoop41839573,
[],@juliettekayyem And...if anything ever happened 2 Trump or Republicans they‚Äôd find some way 2 blame Nancy Pelosi or‚Ä¶ https://t.co/FgJym2BsbT,VeniceForHRC,
[],"RT @ACTBrigitte: President Trump is going to go down as the greatest political genius in modern history.

The best part is he isn‚Äôt even a‚Ä¶",EffinBartIt,
[],"RT @TheDemCoalition: ""Our president has most likely committed crimes, above all conspiring with a hostile power to boost his 2016 campaign,‚Ä¶",french1100,
[],"RT @Mikel_Jollett: Guys, I just don‚Äôt see what the big deal is. All Trump did was wotk w a foreign government to hijack a US election so th‚Ä¶",mauikonasurfer,
[],"RT @ScottPresler: I will never in my life forget that President Trump grounded Nancy Pelosi. 

I can't wait to see what he does next!",LisaRay0424,"Hermitage, PA"
[],"RT @DrGJackBrown: 19/  Like any person who is guilty, but attempting to look strong and in-control, Trump is oscillating back-and-forth bet‚Ä¶",MillerScott4,Chicargo
[],".@AnnCoulter, as a personal favor to me, will you please call @realDonaldTrump &amp; tell him it's okay to reopen the g‚Ä¶ https://t.co/P8t7WaFoIj",1coastwriter,
[],RT @wkamaubell: Just your regular reminder that Puerto Rico is a part of the United States. Which means this üëáüèø is anti-American. https://t‚Ä¶,SonyPony4Ever,
[],"@GayleKing Buzzfeed Releases ‚ÄúBombshell‚Äù Report On Trump, Then Admits They Have NOT Seen The Supporting Evidence !‚Ä¶ https://t.co/XBWiOPPNXR",BrowneRicky,"St Cloud, MN"
[],"RT @BuzzFeedNews: Sources also say Trump, along with his children Ivanka and Donald Jr., received regular, detailed updates about the proje‚Ä¶",Vgonz7474,"Houston, TX"
[],"RT @TPM: Calling Cohen a ""very desperate man,"" Lara Trump denies BuzzFeed's ""ridiculous"" story https://t.co/POeUvuS9Cz https://t.co/1Do3JU7‚Ä¶",PhillipMcAllist,"Gary, IN"
[],"@joncoopertweets @realDonaldTrump He must spend the rest of his life in prison, along with @IvankaTrump‚Ä¶ https://t.co/tn9xjPARjS",IndKingCountyWA,East Puget Sound WA
[],"RT @DrGJackBrown: THREAD:  Body Language Analysis No. 4371: ""Mr. President ... have you ever worked for Russia? Yes or no?"" - Donald Trump'‚Ä¶",Paf000001,Rural Oregon
[],"RT @Emma_Dumain: .@GKButterfield says he's going to start calling this the ""Trump-McConnell shutdown,"" says it's ""absolutely disgusting"" Mc‚Ä¶",PaxNostrum,"California, USA"
[],"Something Trump needs to sign, like right now üòÅ",Calvinkrone1,"Florida, USA"
[],"RT @brianefallon: This is McConnell's worst nightmare. He was counting on keeping a low profile through this, and letting it only be about‚Ä¶",Jorge_Rosie,"Dallas, Texas"
[],"RT @ChrisMurphyCT: Listen, if Mueller does have multiple sources confirming Trump directed Cohen to lie to Congress, then we need to know t‚Ä¶",kaebruni,
[],"RT @TeaPainUSA: Trump subornin‚Äô perjury is beautiful. 

It‚Äôs a straightforward, easy-to-understand crime the public can hang its hat on whi‚Ä¶",MWenrich1,"Florida, USA"
[],"@Mrdadelus @chestersadie @peachykeeno @Zapzipzim @DiamondandSilk @SpeakerPelosi Show me on the doll, where Trump hu‚Ä¶ https://t.co/3lzEDQnmFI",KathySoltani,"Philadelphia, PA"
[],"RT @SwiftOnSecurity: How does Trump handle indigestion over all the conflicts of interests he has?

Klepto-Bismol",HarryFlinX,"Paris, France"
[],"RT @NatashaBertrand: NEW: In a shift, Dems will not necessarily wait for Mueller's findings to launch impeachment proceedings, I'm told. Ba‚Ä¶",Zen0469,CA surfing beach
[],"RT @funder: Wow. Trump canceled Speaker Pelosi‚Äôs plane and leaked info so they couldn‚Äôt even fly commercially into a war zone, and also mee‚Ä¶",gsroc123,Earth
[],RT @leeleeb50: TRUMP. IS. ROYALLY. FUCKED.,openpodbaydoor_,"London, England"
[],RT @PrisonPlanet: Roger Stone says that the deep state is planning to remove both President Trump and VP Mike Pence from office so that the‚Ä¶,maxjean777,
[],RT @AdamParkhomenko: Dear Trump people: Your hero is a criminal and a traitor to the United States. We will never forget that you were ok w‚Ä¶,teacherman04, NJ
[],"RT @in_pubs: I'm a disabled Veteran, the shutdown is killing my fellow Vets. 30% of the federal workforce are Vets. Trump just cut funding‚Ä¶",susan55698023,"Long Green, MD"
[],"RT @SenSanders: We must repeal the Trump tax breaks for the top 1% and large, profitable corporations. At a time of massive income and weal‚Ä¶",davaldod,
[],RT @TheRickWilson: Can someone tell me which one of the Trump media dipshits has been sending all the trash people into my TL?,MatthewCronin9,"North Carolina, USA"
[],@senatemajldr What does Russia have on you? Every day of this shut down means that Putin is winning. He must be so‚Ä¶ https://t.co/QgVRBfI1wZ,colgan3_litz,
[],RT @altNOAA: Trump drove straight to the bottom today and fired out a tweet with strong racist undertones to try and kill the negative pres‚Ä¶,RoeselerC,Texas
[],RT @sarahkendzior: Part of the reason some people are reluctant to accept the sheer horrific scope of what the Trump admin does is lack of‚Ä¶,CandyceByrne,"Austin, TX"
['Trump'],I never really saw impeachment of #Trump as at all likely until today... https://t.co/6vGKguVpqW by @mehdirhasan,AsaCusack,London School of Economics and Political Science
[],RT @PrisonPlanet: Roger Stone says that the deep state is planning to remove both President Trump and VP Mike Pence from office so that the‚Ä¶,cantsayurnamela,
"['2020census', 'citizenshipquestion']","RT @hansilowang: Here's the latest in the legal battle over the #2020census #citizenshipquestionüëá

https://t.co/lBdDpRcCLZ",CARuralStudies,"Davis, CA"
[],"RT @suzydymna: Madame Speaker &amp; her gang of lunatics were going to Afghanistan only as cover for their trip to Brussels.

Brussels is where‚Ä¶",darrenrich63,"Florida, USA"
[],RT @PrisonPlanet: Roger Stone says that the deep state is planning to remove both President Trump and VP Mike Pence from office so that the‚Ä¶,word_in_edgewis,Anywhere but here. 
[],RT @natasharothwell: If BuzzFeed takes down Trump y'all gonna take those quizzes more seriously.,enichols13,"Atlanta, GA"
[],"RT @C_3C_3: Why Buzzfeed had to come to the rescue w/ fake BOMBSHELL:

Trump is destroying the Dems in the Wall battle.

Bruce Ohr testimon‚Ä¶",TexasTejano1,"Gods Nation, USA "
[],"RT @NatashaBertrand: NEW: In a shift, Dems will not necessarily wait for Mueller's findings to launch impeachment proceedings, I'm told. Ba‚Ä¶",DorothyEubank16,"Braselton, GA"
[],"RT @MrFilmkritik: Wait. Lindsey Graham flew to Turkey to meet Erdogan, Mike Pompeo is in North Korea, Melania is in Florida, Mar-a-Lago, bu‚Ä¶",CindyFitch1,
[],"RT @KalebScott_: Trump: ‚ÄúYou boys enjoing your big macs?‚Äù

Clemson Tigers: 
 https://t.co/W9C4SNt7od",jocelyncota_,fresno ca/phoenix az
[],"RT @Miss_SaltyDog: @senatemajldr needs to be investigated. He is as corrupt as Trump is.

https://t.co/MgZyqohYlS",TRoc43844441,TX
[],"RT @funder: Wow. Trump canceled Speaker Pelosi‚Äôs plane and leaked info so they couldn‚Äôt even fly commercially into a war zone, and also mee‚Ä¶",NabeSojod,"California, USA"
[],"RT @tannerstake: An @espn host implied President Trump is a racist for serving ‚Äòpredominantly black‚Äô football players fast food. 

I think‚Ä¶",SonFollower87,United States
[],"RT @josedeynes: @PreetBharara WATCH THIS VIDEO!
""1. Plans to build Trump Tower Moscow
2. Is looking for deals not just in Moscow
3. Says he‚Ä¶",bonnisu,United States
['taxpayers'],"@senatemajldr won‚Äôt open the taxpayers‚Äô government, but @FLOTUS can spend #taxpayers‚Äô money to fly to Florida. Is t‚Ä¶ https://t.co/muWbIUUSdE",BuckandGeorge,"Michigan, USA"
[],RT @SenKamalaHarris: This is confirming what we already knew: the President‚Äôs tax scam is a gift to corporations. The American people deser‚Ä¶,laura_mccurry,
[],"RT @ProudResister: Pelosi: I‚Äôm canceling your State of the Union until workers are paid.

Trump: I‚Äôm canceling your trip overseas to visit‚Ä¶",alxmog,
[],RT @brianklaas: Reports in the last 24 hours: Trump ordered Cohen to pay to rig early polls; Thousands more kids were torn from their paren‚Ä¶,AndrewGondzur,"St Louis, MO"
[],"RT @benwikler: Strange grownups in uniforms putting you in a cage, taking your parents away, and then forgetting who you are is literally t‚Ä¶",JuddApatow,
[],RT @paulkrugman: A thought about where we are as a nation: We're living in the age of the unsurprising revelation. Is there anyone who does‚Ä¶,jkravitz,Philadelphia
['NeverTrump'],"Kasich, Corker, Romney, &amp; this nobody. It‚Äôs getting pretty crowded on the small #NeverTrump island.",StarCoreOne02,Mother Box
[],"RT @krassenstein: LIVE!  BOMBSHELL BuzzFeed Trump News, Fox News &amp; More https://t.co/B5vLaP6X2o",EspadaGiclee,USA
[],"RT @benshapiro: That‚Äôs one hell of an ‚Äúif.‚Äù Because if Buzzfeed blew this story, their credibility is toast. And we‚Äôve already seen other o‚Ä¶",CalebJohnson50,"Portland, OR"
[],"RT @tribelaw: If this report is accurate, Trump committed subornation of perjury, punishable by five years imprisonment under 18 U.S. Code‚Ä¶",lgoldrick25,"Philadelphia, PA"
[],RT @finneyk: The @realDonaldTrump White House has no credibility attacking Cohen credibility given the long pattern and practice of lying a‚Ä¶,asH9C, Nueva York
[],RT @MichaelAvenatti: .@AlanDersh - Do you remember when you arrogantly mocked me repeatedly for stating last Spring that your bestie Trump‚Ä¶,dgnied,
[],RT @nowthisnews: Trump‚Äôs AG nominee William Barr tried to spout the administration‚Äôs favorite border wall lie ‚Äî but Kamala Harris brought t‚Ä¶,JMcClai83805240,
[],RT @JoyceWhiteVance: Today is that day to throw off the numbness the constant barrage of wrongdoing by Trump &amp; his administration has left‚Ä¶,amyglumpkin,"Daphne, AL"
[],"RT @SenWhitehouse: If this is true, this is plain, slam-dunk, criminal obstruction of justice (18 U.S.C. 1505, 1512), subornation of perjur‚Ä¶",ErrisonSr,United States
[],"@MarkWarner ....2 Days ago Richard Burr publicly said this:
""Trump should claim executive privilege in anything tha‚Ä¶ https://t.co/LwDqPxBSgF",LinDesigns111,"NorthWest, United States"
[],RT @DomenicoNPR: ‚ÄúWhat I always say is building a wall from sea to shining sea is the most expensive and least effective way to do border s‚Ä¶,lisacreamer,"Boston, Massachusetts"
[],"RT @dawncholliday: You can‚Äôt make this sh*t up. üëáüèæ
A 1958 TV Show featured a conman named Trump who stokes fears in a town to sell building‚Ä¶",dmackr,safe
[],"RT @funder: Wow. Trump canceled Speaker Pelosi‚Äôs plane and leaked info so they couldn‚Äôt even fly commercially into a war zone, and also mee‚Ä¶",Harperk1Kevin,"Leeds, England"
[],"RT @sarahkendzior: This is the right move, Dems. Start the proceedings, get information into the public domain. Force transparency that is‚Ä¶",ElegantLeopard,"Rapid City, SD"
[],Excellent piece that shows how Trump could egnite nonzero-sum games that could trump Trumpism ! By the expert of No‚Ä¶ https://t.co/oro84YuRuL,Zeidinio,Amman
[],RT @BrentScher: BREAKING: Full cart of luggage has been returned to the halls of congress after @realDonaldTrump cancels @SpeakerPelosi's f‚Ä¶,McginnKeven,"Tampa, Florida, U.S.A."
[],"RT @brianefallon: This is McConnell's worst nightmare. He was counting on keeping a low profile through this, and letting it only be about‚Ä¶",CooperARG,"Ft Lauderdale, FL"
[],"RT @GrrrGraphics: Check out my latest interview with @412Anon87 on  We The People Insider - cartoons, Trump and where do we go from here! #‚Ä¶",Agency4Africa,"England, United Kingdom"
[],RT @TheLeadCNN: .@JakeTapper: Pres. Trump took the stunning step of canceling the military aircraft that were to have been used right now b‚Ä¶,dislesick,las vegas
[],"RT @SenJeffMerkley: If this report of Trump suborning false testimony is confirmed, then Trump committed a felony and must resign or be imp‚Ä¶",dbbandco,"California, USA"
[],RT @MichaelAvenatti: .@AlanDersh - Do you remember when you arrogantly mocked me repeatedly for stating last Spring that your bestie Trump‚Ä¶,TelemannDobie,Santa Clara
[],Holy Hell,Squirrel_MA,"Austin, TX"
[],RT @psychdr100: Mueller could solidly prove Cohen was told to lie to Congress: BEFORE he was even charged. Kellyanne Conway refuses to deny‚Ä¶,nester1957,Proudly üçÅ Canadian 
[],"RT @funder: Wow. Trump canceled Speaker Pelosi‚Äôs plane and leaked info so they couldn‚Äôt even fly commercially into a war zone, and also mee‚Ä¶",DeborahReinecke,
[],"RT @RevDrBarber: A wall is not racist; it‚Äôs the the rationale, lies &amp; philosophy behind Trump‚Äôs wall that is racist. Water fountains, buses‚Ä¶",maybabybelle,
['Patriots'],RT @crimsonfaith88: Hey Hey #Patriots Sebastian Gorka Coming Up Next On The @jfradioshow Don‚Äôt Miss It. Listen Live Now Here ‚ñ∂Ô∏è https://t.c‚Ä¶,LilyNCali,Sunny Southern California
[],"@DarcyKAG @kathybestburge1 @maggieNYT Oh honey.... try to keep up. Mueller already had text messages, emails, testi‚Ä¶ https://t.co/Eikh9fnR2J",DeityFree,
[],Ugh. As Trump start to support conspiracy theories &amp; propoganda. On the Right Wing media,xclude_sunny,"New York, NY"
[],RT @waltshaub: This could have gotten them killed. https://t.co/31vtZb0ALC,ProggesiveAlien,
[],@realDonaldTrump @JimInhofe Trumpshutdown supported by gop. Only trump is responsible. Dems have made every effort‚Ä¶ https://t.co/2pqiZjXfCh,rspecial2,
[],"RT @SenSanders: If this report is true, Donald Trump committed obstruction of justice‚Äîa felony and a potentially impeachable offense. I am‚Ä¶",NickBejarano,"Flagstaff, AZ"
[],"RT @karli_bonne: Note 1 year + 2 day delta (2 days ahead of schedule)
Eric Trump screen grab = Justice Coming https://t.co/VACVr0UlDQ",45HarisonHarold,"Queens, NY"
[],"RT @funder: Wow. Trump canceled Speaker Pelosi‚Äôs plane and leaked info so they couldn‚Äôt even fly commercially into a war zone, and also mee‚Ä¶",WestBocaDems,"Boca Raton, FL"
[],@realDonaldTrump TRUMP GOES TO PRISON!!,blmohr,"Chicago, IL"
[],RT @culttture: A day after @SpeakerPelosi insinuated that President Trump was not welcome to give the traditional (boring) State of the Uni‚Ä¶,JoshuaBRiddle,
[],RT @ADIC33: Donald Trump was never much of a man to begin with. But Leader Pelosi has taken whatever little manhood he had left. If you lov‚Ä¶,ustankkk,
[],RT @wkamaubell: Just your regular reminder that Puerto Rico is a part of the United States. Which means this üëáüèø is anti-American. https://t‚Ä¶,alexrayetrahan,da boot‚úàÔ∏èthe District
[],"RT @DanaHoule: Probably only 200 specific lies, but each repeated two more times. https://t.co/4dRJXqmdkc",skunkwerks16,"North of Menethil Harbor, Azeroth"
[],"RT @LoopEmma: UPDATE: @RepAdamSchiff issues another statement on our story, saying the House Intelligence Committee ""is already working to‚Ä¶",kmorse1,NJ
[],"RT @BillKristol: The president of the United States is tweeting about imaginary prayer rugs found by a supposed anonymous rancher who, if h‚Ä¶",etsukojoy,United States
[],"RT @brianefallon: This is McConnell's worst nightmare. He was counting on keeping a low profile through this, and letting it only be about‚Ä¶",EduKzForte,United States
[],RT @TheDweck: He has paid for more abortions than hamburgers https://t.co/PdOVZrJv7C,chilltowntv,nyc
[],"RT @atDavidHoffman: All cable channels this morning talking about Trump ordering Cohen to lie to Congress about his Russia deal.

Fox News‚Ä¶",MissDeviantE,Pennsylvania
[],RT @Santucci: FWIW in all our reporting I haven‚Äôt found any in the Trump Org that have met with or been interviewed by Mueller. https://t.c‚Ä¶,debruin_donna,"Florida, USA"
[],"RT @Education4Libs: Pablo Escobar‚Äôs brother claims to have raised $10 million in 10 hours towards impeaching President Trump.

Wait.... so‚Ä¶",victheslickg,That voice in your head
[],"RT @TheNoahRing: PRESIDENT TRUMP: ‚ÄúI may declare a national emergency dependent on what‚Äôs going to happen on the next few days.‚Äù

I say Do‚Ä¶",jeffc1959,
[],.@RepEscobar: Trump Worsens the Border Crisis https://t.co/gQypydwK2I,caw111,"syracuse, ny"
[],RT @StevenBeschloss: Mitch McConnell refused to allow a vote to secure Robert Mueller. He‚Äôs refused to bring up a vote to end the shutdown.‚Ä¶,DebbiesHotMama,"Wisconsin, USA"
[],"RT @TeaPainUSA: Trump is smart.  He's lied so much that when he confesses, no one will believe him.",P28610287Denise,"Maine, USA"
[],RT @politicususa: Trump Endangers Pelosi's Life By Leaking Her Commerical Travel Plans https://t.co/RUlKneIuGa via @politicususa,rjber15,"Wichita, Kansas"
[],"RT @AndyKroll: NEW: Rep. Will Hurd ‚Äî a ***Texas Republican*** ‚Äî tells @RollingStone that @realDonaldTrump's border crisis is a ""myth.""

Hur‚Ä¶",Jordy_Stingray,"California, USA"
[],RT @rob0349: Has .@realDonaldTrump said even ONE WORD about the service members who were killed by an ISIS bomb earlier this week? I'm sorr‚Ä¶,workclassjane,United States
[],@PARISDENNARD This is the same defense as all the people who say Mueller has nothing because they haven‚Äôt seen the‚Ä¶ https://t.co/zlSeoxWRgC,theEdollarsign,"Washington, DC"
[],"@SpeakerPelosi ,
I‚Äôm NOT a Trump supporter.
However, I‚Äôm very glad that he cancelled your trip.
You have NO busines‚Ä¶ https://t.co/2yAy3GHRjS",itismedesu,Santa Monica
[],"RT @Shakestweetz: They believe it's a dictatorship: ""White House officials...sought to put [@SpeakerPelosi]  in her place after she had emp‚Ä¶",lcameron4435,
[],"RT @ChrisMurphyCT: Bottom line:

Trump had two years of total Republican control of Congress and couldn‚Äôt get his wall built. 

He waits un‚Ä¶",M10247,Maryland
[],Maxine Waters lets get this straight. You are part of the reason we are shutdown. Don‚Äôt you dare blame Trump for yo‚Ä¶ https://t.co/kcTyBfxH0A,JillIrene1,"Casper, WY"
[],"RT @SethAbramson: Not a denial, actually, from the standpoint of a defense lawyer. If Ken's quote is accurate this is *not* the same as say‚Ä¶",JMS155,USA
[],"RT @DavidNakamura: Trump is currently meeting in Oval with North Korea's lead nuclear negotiator, the nation's former spy chief who a South‚Ä¶",historianess,
[],RT @Julian_Epp: Reminder that Donald Trump shut down the government for 27 days to distract from the fact that the Angry Birds drink pee in‚Ä¶,encyclolydia,
[],"RT @paulsperry_: Here's the only part of the Buzzfeed ""scoop"" that is remotely relevant, and of course, it was buried deep down in the stor‚Ä¶",Pando18483,"Michigan, USA"
[],@realDonaldTrump https://t.co/9JgLsCTYJH tick tock Donny Boy,DouglasLeih,
[],"RT @Education4Libs: President Trump was spot on in canceling Nancy‚Äôs excursion.

800,000 people are waiting without pay while she‚Äôs trying‚Ä¶",cates_re,
[],RT @FlyingEagle555: Pelosi You Have No Shame. You Could Care Less About The Hard Working American People. You Want To Over Tax Americans An‚Ä¶,MarciaM05972460,
[],"RT @CNN: President Trump personally directed his longtime attorney Michael Cohen to lie to Congress about the Moscow Trump Tower project, t‚Ä¶",dustyedwards,
[],RT @DeanObeidallah: @realDonaldTrump Trump got us! We Muslims leave our prayer rugs around to claim the land. We call it our Victory Prayer‚Ä¶,LyndaMOtvos,SF Bay Area
[],"@JillFilipovic Kamala slept her way to the top, sort of like Trump.....shit.",JoeNaxon,United States
[],"RT @Rockprincess818: Just saw a verified douchebag tweeting that Trump ‚Äúmight be‚Äù a ‚Äúcrook‚Äù might be. 
He might also be the Greatest Presid‚Ä¶",Catheri69664306,
[],"RT @TheRynheart: ‚ÄòAG Barr has already defined this behavior as obstruction of justice. In the secret memo, Barr allowed that it was possibl‚Ä¶",Galaxi162,
[],"Trump Poll: Net-Changes: Suburban Men-Down 18%, White Evangelicals-Down 13%, https://t.co/xvOeJh7ZH1",wgeiselman1,
[],RT @essenviews: ‚ÄúMs. Trump... was only minimally involved‚Äù:  Ivanka Trump issues carefully worded denial of BuzzFeed report on Trump Tower‚Ä¶,Malaury25041412,
[],"RT @adriandt31: *PELOSI FREAKS*
Accuses Trump of Putting
Her Life in Danger By Pulling Plane Access &amp; ‚ÄòLeaking Commercial Travel Plans

@PO‚Ä¶",Lori32166,"Virginia, USA"
[],"RT @gtconway3d: Five tweets this morning, and in every one, you‚Äôve misspelled ‚ÄúI never had any conversation with Michael Cohen about his te‚Ä¶",Ricktastrophe,
[],@MEPFuller It's Trump's shut down. He can end it or suspend it any time he wants.,xiruxi,
[],"RT @DanielLMcAdams: If social media companies rely on government funded ""NGOs"" (as they all do) to vet ""fake news,"" they should not be allo‚Ä¶",lilitica,
[],"RT @FiveRights: Woodward &amp; Bernstein,
You guys should rejoin for one last important book.
I suggest you examine Trump Derangement Syndrome‚Ä¶",GayeRobinson18,"Kentucky, USA"
[],"RT @AngryBlackLady: wouldn‚Äôt it be fun if trump and pence went down together and we said hello to President Pelosi?

A girl can dream. http‚Ä¶",christinayperez,United States
[],RT @JRubinBlogger: The assertion that Senate Republicans would never break assumed the evidence would never be so conclusive and the crime‚Ä¶,Arturo_Sarukhan,"Washington, DC"
[],"RT @Bornabrit1: If ANYONE DIES as a RESULT OF TRUMP SHUTDOWN 
üëáüëá

*Frozen to death - can't afford heat

*Starved to death -can't afford foo‚Ä¶",joycesurprenant,"Michigan, USA"
[],"RT @tedlieu: Based on this very incriminating Buzzfeed article, wondering if @realDonaldTrump is going to tweet ""No Subornation of Perjury!‚Ä¶",MikeHogg2017,
[],"RT @Bornabrit1: If ANYONE DIES as a RESULT OF TRUMP SHUTDOWN 
üëáüëá

*Frozen to death - can't afford heat

*Starved to death -can't afford foo‚Ä¶",Annlee321,
[],"RT @craigunger: Trump kills Pelosi trip, but doesn't seem to have a prob w Lindsey Graham meeting Erdogan in Turkey. https://t.co/emTRzBC2aM",Twinricki,NC/NY
[],"RT @Education4Libs: President Trump was spot on in canceling Nancy‚Äôs excursion.

800,000 people are waiting without pay while she‚Äôs trying‚Ä¶",SSchwartzSC,"South Carolina, USA"
[],RT @MichaelAvenatti: .@AlanDersh - Do you remember when you arrogantly mocked me repeatedly for stating last Spring that your bestie Trump‚Ä¶,sandral_green,
[],RT @krassenstein: The President is now implicated in 2 felonies related to campaign finance violations and at least one felony related to t‚Ä¶,burlphyl,Near the beach
[],RT @RobertMaguire_: @realDonaldTrump This tweet comes right after a White House spokesman was asked if Trump directed Cohen to lie. The spo‚Ä¶,Tpritchard14,"Charleston, SC"
[],"RT @keithboykin: Even if you fully accept Trump's defense that the people around him he hired and trusted for years are liars and crooks, t‚Ä¶",chosebygrace,
[],Wouldn't miss him a bit. Life might get back to some sort of normal with him locked away for the rest of his life.‚Ä¶ https://t.co/IBe35gmqTB,ProgBeliever,United States
[],"RT @SenSanders: We must repeal the Trump tax breaks for the top 1% and large, profitable corporations. At a time of massive income and weal‚Ä¶",imzayde,"Banning, California"
[],@MSNBC PLEASE DO NOT FALL FOR TRUMP SHINY OBJECTS AGAIN!! Now abortions??? THIS IS INSANE! PLEASE IGNORE HIM!,jujo28,"New York, Los Angeles NY/LA etc"
[],"RT @TheRightMelissa: President Trump is asking for the equivalent of $57 out of a 
$44 000 budget.

Imagine if your spouse refused to give‚Ä¶",DaveOnderdonk,"Fairport, NY"
[],"RT @SethAbramson: Not a denial, actually, from the standpoint of a defense lawyer. If Ken's quote is accurate this is *not* the same as say‚Ä¶",ncwannabe,
[],"@maggieNYT Well, Trump is halfway there, he is a confirmed liar, just hasn't been convicted for his crimes yet.",RayJLeBlanc,
[],RT @TeaPainUSA: Tea would wager that Trump instructed all his folks to lie to Congress because he knew Nunes and his other GOP imps and dem‚Ä¶,SuzanneTyrpak,Colorado
[],RT @VP: Honored to speak at the @March_for_Life. @POTUS Donald Trump is the most pro-life president in American history. But we know we sti‚Ä¶,scottwil2000,"Phoenix, AZ"
[],RT @BuzzFeedNews: BREAKING: President Trump personally directed his longtime attorney Michael Cohen to lie to Congress about negotiations t‚Ä¶,KelleyA07553426,"Barre, VT"
[],RT @Stop_Trump20: Mitch McConnell's new name is Co-Conspirator and he should be indicted with Trump!!,FrankBX61,"Bronx, NY"
[],"RT @paulsperry_: Here's the only part of the Buzzfeed ""scoop"" that is remotely relevant, and of course, it was buried deep down in the stor‚Ä¶",JaniceSubers,
[],"RT @q_cash_money: Everybody: Who in the hell voted for trump?

Me: https://t.co/ILI1sS0s3H",Coonologist,"Bronx, NY"
[],RT @krassenstein: BREAKING:  The President instructed his attorney to lie to Congress about the Moscow Tower deal according BuzzFeed source‚Ä¶,SalmonPynk,New York
['BREAKING'],RT @thehill: #BREAKING: Trump vows to veto bills expanding abortion rights https://t.co/cbP4VqcX02 https://t.co/PiHcXyBXtg,athelass,"Tehachapi, CA"
[],RT @JohnJHarwood: Peterson Institute's Nick Lardy on Team Trump requesting elimination of bilateral trade deficit in two years and Beijing‚Ä¶,The_War_TARDIS,
[],"RT @psychdr100: If Trump threatened journalists with murder, his supporters say, ""no problem"". Jack Dorsey won't say if tweet threatening m‚Ä¶",laserhaas01,"Roaming NY, DE, CA, DC or OK "
[],"RT @IngrahamAngle: Telling that Mueller team is leaking. Strange at this point. If they had Trump ‚Äúcollusion‚Äù to rig the election , they wd‚Ä¶",adrianaotti,
[],"RT @HoneysuklDesign: @DavidBrodyCBN @BuzzFeedNews @realDonaldTrump @MichaelCohen212 @a_cormier_ So...
@potus has done it before
Probability‚Ä¶",debilu2,New Albany IN
[],"RT @benwikler: Strange grownups in uniforms putting you in a cage, taking your parents away, and then forgetting who you are is literally t‚Ä¶",PiperPerabo,
[],"RT @aravosis: If this Buzzfeed story is accurate, Trump‚Äôs presidency is over and he‚Äôs going to jail.",MsBirch,"Los Angeles, CA"
[],"RT @MollyJongFast: Yes, how dare Nancy Pelosi think she heads a coequal branch of government, doesn‚Äôt she know that this is a monarchy and‚Ä¶",LoyamTom,
[],"RT @M2Madness: ""Watch father-in-law!""

üëáüëáüëáüëáüëá

""Cohen's father-in-law, Fima Shusterman, reportedly loaned millions to a Chicago cab company‚Ä¶",JeffMifflin,
[],"RT @funder: BREAKING: Senator Merkley just said if the report Trump told Cohen to lie to Congress is confirmed, then Trump committed a felo‚Ä¶",HyapatiaLee,Colorado
[],RT @sethjlevy: Remember when Lanny Davis refuses to comment on the unnamed claim of an unnamed source in a CNN story that said Cohen had se‚Ä¶,ljcljf,StandingWithGenFlynn
[],RT @SocialPowerOne1: Is Donald Trump Trying To Get Nancy Pelosi Killed? https://t.co/FAT0jK1lbY,majken_bergman,"Pite√•, Sweden"
[],"RT @PalmerReport: Donald Trump's day so far

- Nailed for suborning perjury
- Responds by threatening Michael Cohen's family
- Oops, that's‚Ä¶",GeostompX,"Arkansas, USA"
[],RT @AynRandPaulRyan: Wait...Nancy Pelosi can't travel on a government plane to do actual government work but Melania can travel on a govern‚Ä¶,lauren_felipe,"North Carolina, United States"
[],"RT @big_cases: New filing in Blumenthal et al. v. Trump: Reply to opposition to motion

https://t.co/PRonVwHmqx https://t.co/jRxpcuJYDq",Es29652586,
[],"RT @Liam2331: @realDonaldTrump YES 100% WE AGREE!!!!
RESIGN WITH PENCE AND THAT WILL BE PUTTING AMERICA FIRST!!!
IMPEACH TRUMP!
IMPEACH PEN‚Ä¶",gopherhound,"Brantford, Ontario, CANADA"
[],"YES, do it!!!!!!!!!!",Toni_Malin,"Ohio, USA"
[],@PoliticusSarah @politicususa I think I just said that in a tweet to Ted and Nancy and Trump.,kenney1_m,"Florida, USA"
[],@keithboykin People in the Trump administration and logic are not on very good terms.,tmoncho,"New York, NY"
[],"RT @craigunger: Trump kills Pelosi trip, but doesn't seem to have a prob w Lindsey Graham meeting Erdogan in Turkey. https://t.co/emTRzBC2aM",browneyed59,Illinois
[],"RT @JRehling: Here's the collusion.

Russia to Trump
‚Ä¢ Approve Moscow Tower deal
‚Ä¢ Hacking Democrat emails
‚Ä¢ Social media propaganda blitz‚Ä¶",roedio73,
[],"RT @Truman206: @brianschatz If you do this first:

https://t.co/ggxakNQjB6",whitlowliz,"Santa Rosa, CA"
[],"RT @Cannovis: @LisaMei62 @keller_dorothy Who was planning on traveling on taxpayers dime . Trump should supply the names , the people have‚Ä¶",nolasaints2020,
[],"RT @STUinSD: (5 of 11) Trump spoke to Indian Prime Minister Narendra Modi by phone yesterday, just one day before Iran‚Äôs foreign minister a‚Ä¶",flinn_terri,"Vienna, WV"
[],RT @BuzzFeedNews: Trump supported a plan to visit Russia during the presidential campaign in order to personally meet President Vladimir Pu‚Ä¶,BernieBuddy16,"Los Angeles, CA"
[],"RT @Shakestweetz: So, Lindsey Graham is with Erdogan, Mike Pompeo's with North Korea, John Bolton is asking the Pentagon for plans to go to‚Ä¶",Luvs2ridefar,N 32¬∞45' 0'' / W 97¬∞41' 0''
[],But weren't mpost of them family and friend getting in on the free stuff and Very FEW actual House/Senators???? Jus‚Ä¶ https://t.co/nb9v0TdPAK,abusedtaxpayer,New York State
[],Trump would like nothing better than not having to deal with Speaker Pelosi. He outed her plans on purpose. His act‚Ä¶ https://t.co/dj31cdI1yN,sweetcales,"Santa Cruz, CA"
[],RT @altNOAA: Every furloughed employee should get a $130K payout since they're all getting screwed by Donald Trump.,JanuaryHandl,
['AttorneyGeneralNessel'],"@LeeChatfield @realDonaldTrump Lee, remember what happened to the last Speaker who tied himself to Toxic Trump?

#AttorneyGeneralNessel",PhilRevard,Michigan
[],"RT @funder: BREAKING: Senator Merkley just said if the report Trump told Cohen to lie to Congress is confirmed, then Trump committed a felo‚Ä¶",fuzhi_lin,
[],RT @essenviews: ‚ÄúMs. Trump... was only minimally involved‚Äù:  Ivanka Trump issues carefully worded denial of BuzzFeed report on Trump Tower‚Ä¶,DennisGMoriarty,"Kansas City, MO"
[],"RT @NatashaBertrand: NEW: In a shift, Dems will not necessarily wait for Mueller's findings to launch impeachment proceedings, I'm told. Ba‚Ä¶",tomcox60,"Ontario, Canada"
[],RT @MichaelAvenatti: .@AlanDersh - Do you remember when you arrogantly mocked me repeatedly for stating last Spring that your bestie Trump‚Ä¶,topazblue98,
[],"RT @JohnFromCranber: Calling Trump a ‚ÄòRussian Puppet‚Äô Fails the Logic Test. A ‚Äò‚Äôpuppet‚Äô wouldn‚Äôt: 

Attack Syria
Rebuild DOD
Rrevitalize US‚Ä¶",moenelissa,"Bushwood, Maryland"
[],"RT @gtconway3d: Five tweets this morning, and in every one, you‚Äôve misspelled ‚ÄúI never had any conversation with Michael Cohen about his te‚Ä¶",terryfderby,"Derby, KS"
[],"RT @kurteichenwald: More examples of Trump's history of perjury, which is why I believe he instructed Cohen to lie. https://t.co/bKrgSF3r35",melodychi,Chicago area
[],Equally true of the Trump family‚Äôs administration separation policy.,PhilGroce,
[],hi so uh are we gonna impeach trump yet or does he have to keep the government shut down for another three and a half weeks,meghan1728,insta: iguessmynameismeghan
[],RT @JoyceWhiteVance: Today is that day to throw off the numbness the constant barrage of wrongdoing by Trump &amp; his administration has left‚Ä¶,willstenan,Usa
[],"RT @1littleBIGMOUTH: URGENT:
Hey Jewish fam why are we not going hard rage on Meghan McCain for using us to bolster the 52%? 

SHE USED OUR‚Ä¶",jojomorris60,
[],No plea bargains. They gotta pay for what they have done and be used as an example for others to see that might wis‚Ä¶ https://t.co/DAUdqeM5pd,dan93592736,
[],Pence is going down with trump,barrymarka,"Texas, USA"
[],RT @realTrumpForce: @realDonaldTrump Has our President Donald J Trump ever not did what he said he would do?,MapYourSuccess,
[],"RT @NatashaBertrand: NEW: In a shift, Dems will not necessarily wait for Mueller's findings to launch impeachment proceedings, I'm told. Ba‚Ä¶",AmericanBork,
[],"RT @SenSanders: If this report is true, Donald Trump committed obstruction of justice‚Äîa felony and a potentially impeachable offense. I am‚Ä¶",abigsoto,"Rio Rancho, NM"
[],"RT @DrGJackBrown: 1/  On Monday 14 January 2019, President Trump addressed a press gaggle on the South Lawn of the White House prior to his‚Ä¶",Paf000001,Rural Oregon
[],"RT @TheRynheart: ‚ÄòPelosi on Trump retaliation claims: 'I don't think the president would be that petty, do you?'‚Äô

Oh, Pelosi is yanking Tr‚Ä¶",MuiMui2010,
[],"RT @Drew_Hammill: After President Trump revoked the use of military aircraft to travel to Afghanistan, the delegation was prepared to fly c‚Ä¶",TomSanko,"Redmond, WA"
[],"RT @RWPUSA: Yet another criminal act by @realdonaldtrump.
It‚Äôs time to end this presidency.

BuzzFeed: Sources say Trump directed Michael C‚Ä¶",ThomasJankow,Midwest
[],"RT @rgoodlaw: My take:

""Why Trump‚Äôs Directing Cohen, Others to Lie Would Be Far Worse Than Watergate""

https://t.co/lnhCyH9YD0

It's the s‚Ä¶",Gman19701974,
[],RT @TheAlexNevil: BREAKING: some trump supporters are starting to think,BullMarket4Dub,775
[],"RT @PatriotRocker69: Rapper Cardi B Calls Trump Supporters 'F**king Racist Rednecks'

Typical classy celebrity liberal. Nuff said. Show of‚Ä¶",INFORMIUM1,earth
[],RT @PrisonPlanet: Roger Stone says that the deep state is planning to remove both President Trump and VP Mike Pence from office so that the‚Ä¶,RichRemmy79,"Bennett, Co"
[],"RT @McFaul: We never heard a compelling national security reason for why Trump lifted sanctions on Deripaska's companies, but maybe this ne‚Ä¶",justabadazz,West coast eliteüòè
[],Melania Trump Vacations Using Gov‚Äôt Plane As Trump Blocks Pelosi‚Äôs Fligh... https://t.co/eInjMIHL9i via @YouTube,ZoilaValentino,
[],"RT @DrGJackBrown: 22/  A split-second later (also during 3:37), Trump's chin again extends outward, but this time his head does not tilt ba‚Ä¶",MillerScott4,Chicargo
[],RT @crystale: A horrific nightmare for thousands of children and families. ‚ÄúThe United Nations's high commissioner on human rights has desc‚Ä¶,jitterymoose,
[],"TIME TO IMPEACH TRUMP AND 
JR. RIGHT ALONG WITH HIM AND ALL HIS OTHER MINIONS 
THAT COWTOWN UP TO HIM
WHAT A PAIR üò°",CortnerTerri,"Tulsa, Ok USA"
[],RT @gatewaypundit: PELOSI CONFRONTED! Stutters Through Response to Reporters! - Repeats Crackpot Claim That Trump Endangered Her Life (VIDE‚Ä¶,Cozy1614,
[],"RT @EmmettMiche11em: @essenviews So she knew, and spoke to others in the Trump Organization? Her father, brothers, Cohen, the CFO.....",michaelepeters7,"Sun City West, AZ"
[],@carrieksada1 @adjunctprofessr @ROCKONOHIO @phil200269 @Dawn_DeMore1 @ChristieC733 @LeahR77 @michaelbeatty3‚Ä¶ https://t.co/BLxSOjwtin,DaleCobb12,"Upstate South Carolina, USA"
[],"RT @mattmfm: Once Trump has vacated the White House and this national nightmare is behind us, never ever forget the Republicans who knowing‚Ä¶",DawnShinesdown,United States
[],"RT @B4nowneagusS: @DavidCayJ @BuzFeed Exactly, Muellers report should just be used to confirm Trump, Russian, GOP orchestrated coup &amp; ident‚Ä¶",FanXstitch,"Greenville, SC"
[],"RT @eugenegu: @realDonaldTrump That would also mean Trump‚Äôs family, especially Donald Trump Jr. who lied to the Senate Judiciary Committee,‚Ä¶",Therealdeal2630,
[],"RT @TheRickWilson: Hogan's job is on the line of course, but every surrogate for Trump should expect their denials on this question will co‚Ä¶",me_moi,"Virginia, USA"
[],"RT @YoungDems4Trump: üößDemocrat Government Shutdown Explained:

üí∞President @realDonaldTrump is asking for just $5.7B out of a budget of $4.4‚Ä¶",lilbrownpolgirl,America
[],RT @VP: Honored to speak at the @March_for_Life. @POTUS Donald Trump is the most pro-life president in American history. But we know we sti‚Ä¶,MichaelPomeroy9,
[],"RT @CBSNews: ""If this Buzzfeed News report is true... then we are likely on our way to possible impeachment proceedings because this is bla‚Ä¶",PaulKeifer1,"Silicon Valley, CA, USA"
[],"RT @chrisgeidner: LOL @ @hogangidley45 using air quotes when saying ""a 'news outlet' like BuzzFeed."" Gidley went on Fox News and in no way‚Ä¶",missb62,Colorado
[],"RT @eugenegu: @realDonaldTrump @FoxNews Fima Shusterman is Michael Cohen‚Äôs father-in-law, who who was named in some of the warrants the FBI‚Ä¶",j_stellar,United States
[],RT @BigFish3000: Nixon never was impeached he resigned. Do not let any facts stop you though. Go ahead with your literal vomit https://t.co‚Ä¶,BigFish3000,"Michigan, USA"
[],RT @VP: Honored to speak at the @March_for_Life. @POTUS Donald Trump is the most pro-life president in American history. But we know we sti‚Ä¶,KrisPJ1,"California, USA"
"['Trump', 'MSM']","RT @Better_4_US: @BreitbartNews Trump cancels Pelosi+ trip:
1st: #Trump is who the NATO Leaders care about. Pelosi is a #MSM sideshow
2nd:‚Ä¶",ernie_plumley,In the messed up state of Ca.
[],"RT @MaddowBlog: ""...the Intelligence Committee and Financial Services Committee are poised to dig into [Trump's] ties with Deutsche, one of‚Ä¶",pjslaughter3,
[],"RT @Pink_About_it: Trump is asking for 5.7 Billion out of a budget of 4 trillion ---

Less than 1% of the budget

That's like asking for le‚Ä¶",bcole02141,USA
[],"RT @mmpadellan: ICYMI: trump freaked out when he heard about the Barr-Mueller mutual respect and admiration club.

And if that wasn't bad e‚Ä¶",Tresa28407900,
[],RT @TheJordanRachel: Here‚Äôs another reminder that liberals ACTUALLY think Trump meant Mexico was going to write a check saying ‚ÄúPay To The‚Ä¶,ProblemPanacea,
[],"RT @WrathOfKhan2016: Who wants to help me start the ‚ÄúTrump Prison Channel‚Äù?  It‚Äôll be 24-hour cell-to-cell coverage of @realDonaldTrump, hi‚Ä¶",DrAntagonist,"Independence Hall, Philadelphia, Pennsylvania "
[],"RT @MintPressNews: With Bolton and Pompeo by his side and Mattis departed, Trump may well go with his gut and attack Iran militarily and he‚Ä¶",kittyleakee1,"Sussex, England"
[],"RT @prayingmedic: Think the wall might hurt Trump's popularity among Latinos?

Turns out his popularity among that demographic jumped 19 po‚Ä¶",VickiUecker,
[],"@CBSNews Trump putting a high-ranking government official in danger? Isn't that an impeachable offense, perhaps even treason?",barbbat,
[],"RT @CNN: ""I agree with Adam Schiff that the President is acting like a fifth-grader. Although that insults fifth-graders. But clearly we do‚Ä¶",KNOWITALL1979,"Wayne, Michigan, 48184"
[],"Donald J. Trump: Say No to Trump‚Äôs Hateful Wall and save the endangered species that will be threatened, perhaps dr‚Ä¶ https://t.co/pAmVPQj4xR",naogong,"Berkeley, CA"
[],RT @Pappiness: Deputy Press Secretary Hogan Gidley: ‚ÄúThis is absolutely ludicrous that we are giving any kind of credence or credibility to‚Ä¶,mychiarinotion,"Texas, USA"
[],"RT @RealJack: When Pelosi does something against Trump, the media showers her for being ‚Äúcourageous‚Äù and ‚Äúfearless.‚Äù

When Donald Trump can‚Ä¶",stormmy2217,United States of America
[],"RT @KennyHerbert2K: @JoyAnnReid As David Frum wrote, ""Trump built the trap and walked into it. Pelosi just locked it behind him.""

Miller i‚Ä¶",CindyDPishere,"Illinois, USA"
[],RT @stonecold2050: A five-term GOP congressman who co-chaired Donald Trump‚Äôs presidential campaign in Pennsylvania is calling it quits afte‚Ä¶,view_dtc,
[],"RT @DaveScottSC: The Fox in Charge of the Henhouse: Activists Decry Trump‚Äôs EPA Pick, Coal Lobbyist Andrew Wheeler https://t.co/iHO3jLIj4F‚Ä¶",dgendvil,"Las Vegas, NV"
[],Pathetic .  https://t.co/xY9hwnXyWf,patflannery91,"Monroe, NY"
[],"RT @markantro: Theresa May can't negotiate a free trade deal with the EU that doesn't bleed the British dry

Meanwhile, Donald Trump negoti‚Ä¶",notasothers3,"New Suffolk, NY"
[],"RT @brianefallon: This is McConnell's worst nightmare. He was counting on keeping a low profile through this, and letting it only be about‚Ä¶",bluefIickerbeat,Arkansas
[],"RT @funder: Wow. Trump canceled Speaker Pelosi‚Äôs plane and leaked info so they couldn‚Äôt even fly commercially into a war zone, and also mee‚Ä¶",Barb_Olsheski,"Scranton, PA"
[],"RT @tribelaw: If this report is accurate, Trump committed subornation of perjury, punishable by five years imprisonment under 18 U.S. Code‚Ä¶",susanb98604,
[],RT @goldengateblond: This bit from the Buzzfeed story isn‚Äôt getting the attention it should. Whether or not Cohen is a liar is irrelevant ‚Äî‚Ä¶,StaceyS98426412,
[],"RT @SenSanders: If this report is true, Donald Trump committed obstruction of justice‚Äîa felony and a potentially impeachable offense. I am‚Ä¶",DJClicheDarknes,"Chicago, IL"
[],"@realDonaldTrump TIL that Evil Muslim Arab Terrorists use Adidas shirts for praying, according to everything Trump knows.",melvinwalker,"Pleasanton, CA"
[],"RT @LindseyGrahamSC: President Trump denying Speaker Pelosi military travel to visit our troops in Afghanistan, our allies in Egypt and NAT‚Ä¶",LuisERosa18,"Orlando, FL"
[],RT @funder: Melania Trump flew on a government plane today to go on vacation at Trump‚Äôs Mar-a-Lago resort. Trump cancels the government pla‚Ä¶,ZiadoftheEast,"Atlanta, GA"
[],RT @mitchellreports: .@SpeakerPelosi cannot use military plane to war zone and NATO that speakers are entitled to (for security since 9/11‚Ä¶,Ekhazoyan,
[],"RT @MarkYoungTruth: Hate to break it to you but Nixon was never impeached, he resigned. Any other history lessons you need tonight? just le‚Ä¶",Diane_1024,"Alpine, CA"
[],"RT @kylegriffin1: W.H. spokesman Hogan Gidley is asked by Fox News three times whether Trump told Michael Cohen to lie to Congress.

He doe‚Ä¶",BlueVenix,
[],RT @waltshaub: This could have gotten them killed. https://t.co/31vtZb0ALC,Britpoptarts,House of Eclecstacy!
[],"RT @keithboykin: Fox News anchor Bill Hemmer: So you're saying the president did not tell Michael Cohen to do that?

Trump White House aide‚Ä¶",nightsiren,Wales
[],RT @mitchellvii: OH MAN. Liberals in Crisis! President Trump GAINS 19 POINTS with Latino Voters Since Shutdown https://t.co/YuPJlng5Dp via‚Ä¶,kwcannon7,cannonplace@aol.com
[],"RT @kylegriffin1: W.H. spokesman Hogan Gidley is asked by Fox News three times whether Trump told Michael Cohen to lie to Congress.

He doe‚Ä¶",foolmin8or,
[],Shameful https://t.co/E2NLnsl8p6,JerryEpsteinVLA,"WEst Hollywood, CA"
[],RT @EricBoehlert: how on earth now do major newspaper editorial boards NOT demand Trump resign? the double standards they use for R vs D ar‚Ä¶,Furf_7,Gulf Coast. USA
[],RT @waltshaub: This could have gotten them killed. https://t.co/31vtZb0ALC,2019Democrat,USA
[],RT @freedom_moates: This is Must See TV!!¬† https://t.co/UCIuNBm2wq,thoughtful1more,United States
[],@SteveScalise Yo you bug eyed shit. Do you realize truely what trump did by publisizing his cancelling the speakers‚Ä¶ https://t.co/AuwzPYgpAj,Johnwashkalavi2,
[],RT @AnthonyZoric: Any way we can change this to Hajduk Split‚Äôs new stadium? Honestly though I‚Äôm wondering why crowdfunding has never even b‚Ä¶,TomoKreja,Republic of Croatia
[],@VP @March_for_Life @POTUS How many abortions has tRump payed for in his life? At least dozens would be a pretty go‚Ä¶ https://t.co/lRwuMKsNxS,SueSirius,"Maryland, USA"
[],@Donna_West @senatemajldr @realDonaldTrump How about we tell Nancy to pass something the President will sign. It‚Äôs‚Ä¶ https://t.co/2nn8VTJaLn,ProudArmyMom_15,'Merica
[],"RT @momfraser: @CBSNews No one should be going anywhere, and I hate Trump, but dont preach if you aren't going to show by example. He can't‚Ä¶",MrsESK,#TacoBowl #American 
[],RT @krassenstein: The President is now implicated in 2 felonies related to campaign finance violations and at least one felony related to t‚Ä¶,gloriaeparra,
[],"RT @crampell: This important story, about how Trump attempted to block disaster-recovery money for Puerto Rico, is not getting enough atten‚Ä¶",EBOlady,THE City
[],"Every time I think this plot thickens to its last boil, here we are again",MaheenQasim,"Lahore, Pakistan"
[],"RT @CanadensisMax: As much as I loathe the politics of Trump, Pence, Scheer, Ford, Kenney and other right-wing asswipes,  I do not advocate‚Ä¶",BevAzevedo,Canada
[],RT @PrisonPlanet: The BuzzFeed reporter who wrote the story about President Trump allegedly ordering Michael Cohen to lie about plans to bu‚Ä¶,jhaleyj56,"California, USA"
[],"RT @brianefallon: This is McConnell's worst nightmare. He was counting on keeping a low profile through this, and letting it only be about‚Ä¶",BusinessTimeWeb,"Brooklyn, NY"
[],"RT @SethAbramson: Not a denial, actually, from the standpoint of a defense lawyer. If Ken's quote is accurate this is *not* the same as say‚Ä¶",MariaTammy,"Charlotte, NC"
[],Criminality Of Deep State Investigation Of Trump Confirmed ‚Äî Has U.S. Become A Banana Republic..Oh__ and Do You Kno‚Ä¶ https://t.co/LatvS8yyyP,u2biker,"Miami, FL"
[],"RT @Shakestweetz: So, Lindsey Graham is with Erdogan, Mike Pompeo's with North Korea, John Bolton is asking the Pentagon for plans to go to‚Ä¶",IraLechner,"Escondido,CA & DC"
[],@adamcbest @realDonaldTrump No Trump supporter cares. It's an excursion.... it's no different than going on a confe‚Ä¶ https://t.co/5yq7JezmgP,_PhxGirl23,"Phoenix, Arizona"
[],RT @OMGno2trump: Allow me to give you a hint.  There are no American CEOs saying Trump is a great businessman or good for the economy.  Onl‚Ä¶,mahon595,
"['Trump', 'Cohen']","RT @mog7546: Kellyanne Conway REFUSES TO DENY that #Trump directed #Cohen to LIE TO CONGRESS

MUST BE FINALLY LISTENING to her husband GEOR‚Ä¶",spooner_lindsay,United States
[],"RT @MrFilmkritik: Wait. Lindsey Graham flew to Turkey to meet Erdogan, Mike Pompeo is in North Korea, Melania is in Florida, Mar-a-Lago, bu‚Ä¶",aengland818,"Los Angeles, CA"
[],"RT @bud_cann: Democrats got drunk on the beach in Puerto Rico during the shutdown, Ruth Bader Ginsberg is rumoured to be giving Trump a thi‚Ä¶",Melrpell,Western NC mountains
[],"RT @JRubinBlogger: With Trump so intent on reinforcing his own ego and bolstering the narrow group of dead-enders, his behavior alienates m‚Ä¶",wtfdoicare33,"Ohio, USA"
[],trump is a major security threat to America and MUST be impeached at once!!,kjhart47,"Stockton, CA"
[],"RT @KikiAdine: @mommamia1217 Friendly reminder:
Muslims aren‚Äôt criminals
Muslims aren‚Äôt terrorists
Prayer rugs aren‚Äôt ‚Äúsuper vehicles‚Äù
Trum‚Ä¶",Ummismaelsf,
[],RT @waltshaub: I suspect there‚Äòs absolutely nothing Trump could ever do that would cause his allies in Congress to put America‚Äôs interests‚Ä¶,semanadrea,
[],"RT @Mastermind7864: Trump is guilty of conspiring with a hostile foreign nation to influence an election. That is plain to see. 

What is t‚Ä¶",slimgirl5000,
[],"RT @MarkYoungTruth: Hate to break it to you but Nixon was never impeached, he resigned. Any other history lessons you need tonight? just le‚Ä¶",MMarieh316,
[],"RT @tannerstake: An @espn host implied President Trump is a racist for serving ‚Äòpredominantly black‚Äô football players fast food. 

I think‚Ä¶",CoachCorey16,NOLA
[],@pattymo Of this I am certain: MSNBC will NEVER give Trump administration members their own show. They will only be‚Ä¶ https://t.co/z5qPv9TWYi,mcmileable,"College Park, MD"
[],@RandPaul Democrats in Congress vowed Friday to aggressively investigate a new report that President Trump personal‚Ä¶ https://t.co/AOHWqPJPMY,KevinStarrArt,"Savannah, Georgia"
[],"RT @AdamParkhomenko: Pelosi: you never give advance notice when you are traveling into a war zone, perhaps because of Trump‚Äôs inexperience‚Ä¶",JaneMarieGardn2,
[],RT @kylegriffin1: Many members of Congress who supported punishing Clinton for obstruction are still around‚Äîincluding 14 Republican senator‚Ä¶,candyapple721,
[],"RT @brianefallon: This is McConnell's worst nightmare. He was counting on keeping a low profile through this, and letting it only be about‚Ä¶",last_arcade,"Montr√©al, Qu√©bec"
[],"RT @Shakestweetz: So, Lindsey Graham is with Erdogan, Mike Pompeo's with North Korea, John Bolton is asking the Pentagon for plans to go to‚Ä¶",NativeSpinner,918 T-town 
[],"RT @Miss_SaltyDog: @senatemajldr needs to be investigated. He is as corrupt as Trump is.

https://t.co/MgZyqohYlS",ARealScottBryan,"Charlotte-ish, NC"
[],RT @sarahkendzior: Thread https://t.co/rGX2fD5F4t,CandyceByrne,"Austin, TX"
[],"RT @brianefallon: This is McConnell's worst nightmare. He was counting on keeping a low profile through this, and letting it only be about‚Ä¶",alanmching,"Ontario, CA"
[],RT @DRUDGE_REPORT: REPORT:  Trump Directed His Attorney To Lie To Congress About Moscow Tower Project... https://t.co/5nGLMWPSqp,AHAVA78,Universe
[],"RT @tedlieu: Based on this very incriminating Buzzfeed article, wondering if @realDonaldTrump is going to tweet ""No Subornation of Perjury!‚Ä¶",nitebyrd,7th Level of Hell
[],RT @DOlusegun: Atiku arriving Nigeria tomorrow with Trump voters in America like https://t.co/73SO30s83r,ojoojadedapo,"Abuja,Nigeria"
[],"He ""do what is necessary"" to confirm it?

As in, lie and ensure there's fabricated evidence?

Or will he ""do what i‚Ä¶ https://t.co/8OkAyajtBa",TWillardAuthor,Six degrees from Alfenwehr
