[],Awesome pants arrived ‚Ä¢ Art Progress ‚Ä¢ Coding in Python ‚Ä¢ Applied for another job ‚Ä¢ New game stream¬†channel‚Ä¶ https://t.co/F480Ov3FQE,BjornHolmstrom,"Vallentuna, Sverige"
[],"RT @VirtualmindArg: We are looking for .NET Devs, Frontend Devs, and Backends with knowledge or interest in Python to work from our offices‚Ä¶",fjudzon,buenos aires
"['datascience', 'bigdata', 'machinelearning']","RT @VladoBotsvadze: What is the difference between #datascience, data analysis, #bigdata, data analytics, data mining and #machinelearning?‚Ä¶",lewismcmurran,"Seattle, WA"
[],Async programming in Python with asyncio https://t.co/EcoYDU3wej,tomordonez,Miami
"['job', 'jobs', 'hiring']",New #job: Full Stack Software Engineer - Python Location: Oxford Salary: ¬£350.00pd - ¬£450.00pd .. https://t.co/lwKWxZYaQS #jobs #hiring,AustinFraserJob,United Kingdom
[],"""It's a simple question of weight ratios. A five-ounce bird could not carry a one-pound coconut."" 

Monty Python an‚Ä¶ https://t.co/TywAX0xGjD",ArtFilmCinema,#ArtFilm #ArtCinema
[],[Python For Finance: Algorithmic Trading](https://t.co/zGgccl0OOA),cshan60170554,"Daejeon, Republic of Korea"
['udemycoupon'],"RT @couponfree01: Udemy Free Discount - LEARNING PATH: Laravel: Complete Guide to Laravel - #udemycoupon (https://t.co/1qUje7NILr)

#webdev‚Ä¶",devbests,Earth - Milky Way
[],TIL nearly all the castles depicted in Monty Python and the Holy Grail are actually Doune Castle from different ang‚Ä¶ https://t.co/2vVyyYjz3g,VPestilenZ,"Toronto, Canada"
[],"RT @rawmaxx: R/t if you think can handle itüôãüèæ‚Äç‚ôÇÔ∏èüçÜ
Python https://t.co/Vh30un4Aza",VersDallas,"Desoto, TX"
[],Army says troops participating in Operation Python Dance prevented herdsmen attack in Anambra State https://t.co/9O8bQd2gmY,AyoAkinfe,London
[],"Make environments. See the following tutorial 
https://t.co/mmf1WwBpB5",GalarnykMichael,"San Diego, CA"
['100DaysOfCode'],"Almost a week of #100DaysOfCode 

Doing some regex on python",josephdnns,kerala.india
[],"RT @SANParks: ""Some days in the park are more full of surprises than others... none are 'quiet'.

Arrivibg at the hide we had been told a p‚Ä¶",KaldenOngmu,"Johannesburg, South Africa"
[],"RT @ArtFilmCinema: ""It's a simple question of weight ratios. A five-ounce bird could not carry a one-pound coconut."" 

Monty Python and the‚Ä¶",itinpoom,"Bangkok, Thailand"
"['MachineLearning', 'ODSC']",RT @KirkDBorne: #MachineLearning Guide for 2019 ‚Äî 20 Free #ODSC Resources (blogs &amp; videos) to Learn Machine Learning: https://t.co/tdRzf4NA‚Ä¶,pierrepinna,"Marseille, France"
[],Only 11 months 17 days 7 hours left until Python 2 retires,python2clock,
[],RT @OObienu: Biafra: 'Igbo Governors are Fulani slaves‚Äô - Nnamdi Kanu reacts to Army Python Dance III - Daily Post Nigeria https://t.co/IUI‚Ä¶,RitaNgozi17,
[],RT @nowthisnews: This python was found with 500 ticks on its body https://t.co/2Oc4kjMlLe,Nhawu,"Abuja, Nigeria"
"['data', 'datascience', 'DataScientist', 'datamanagement', 'Hadoop', 'HIVE', 'Python3', 'Python', 'Java', 'mdm']","RT @kknath: A quick view of Data Management

#data #datascience #DataScientist #datamanagement #Hadoop #HIVE #Python3 #Python #Java #mdm #s‚Ä¶",GFradelos,"Geneva, Switzerland"
[],Thought someone was quoting Monty Python but it was The Princess Bride. üò™,supmarla,"Columbia, Missouri"
[],RT @ayemky: @ColinH73 @Peston @theresa_may TBH I have never been able to put a cigarette paper between UKIP and the Tories. Bit like The Pe‚Ä¶,pauljohndavies,
"['phi_shinonome', 'FX', 'python']",„ÄêAuto Post„ÄëNo trade #phi_shinonome #FX #python „Äê2019/01/14 17:00:04„Äë,phi_shinonome,
"['programming', 'developer', 'coding', 'programmer', 'reactjs', 'we']",Complete Python Bootcamp: Go from zero to hero in Python #programming #developer #coding #programmer #reactjs #we... https://t.co/jMLsEjrQQD,FullstackDevJS,localhost:8080
[],"RT @sanjiva: We‚Äôre looking for 5-10 people for an urgent hackathon for LSF‚Äôs Elections Commission work.

Hackathon will be Wed, Jan 16th 5:‚Ä¶",NMeyen,Sri Lanka
[],Monty Python's  Spamalot Game Intro 1 online918kiss https://t.co/RlkzeejJip via @YouTube,online918,
[],"RT @Kay_Ezeoke: Does anyone know someone decent in Python , AI and Machine learning ?  üôÇüôÇ. It‚Äôs urgent",labgeek,"Washington, DC"
[],RT @klatifch: Two more open positions at Biome for Database Developer (SQL) and Software Engineer (Python) send your cv or recommendation a‚Ä¶,labgeek,"Washington, DC"
"['devops', 'python', 'falconframework', 'knockoutjs']",2019-01-14 18:00:01 #devops command line tool for sharing files https://t.co/s4AzFm5SsZ #python #falconframework #knockoutjs,periket2000,
"['AI', 'MachineLearning', 'ecommerce']","RT @mhgaber: Machine Learning for Retail Price Recommendation with Python
#AI #MachineLearning #ecommerce https://t.co/7gGRWLt3ld",labgeek,"Washington, DC"
"['devops', 'share', 'python', 'falconframework', 'knockoutjs']",2019-01-14 18:00:01 #devops Share files with https://t.co/s4AzFm5SsZ üëç  #share #python #falconframework #knockoutjs,periket2000,
"['Python', 'MachineLearning', 'OpenSource', 'KDN']","RT @kdnuggets: Top 20 #Python #MachineLearning #OpenSource Projects, updated #KDN https://t.co/Esnd874ix8",labgeek,"Washington, DC"
[],"RT @ArtFilmCinema: ""It's a simple question of weight ratios. A five-ounce bird could not carry a one-pound coconut."" 

Monty Python and the‚Ä¶",DelphiniumBleu,Delphinus
[],"RT @ElieKawerk: @morgane_vacher @ChemicalScience @morgane_vacher if you're interested in knowing more about machine learning, I recommend t‚Ä¶",labgeek,"Washington, DC"
"['Spectrum', 'InternetSpeed', 'automagic', 'python', 'corporateaccountability']","#Spectrum My #InternetSpeed :
Ping: 34.7 ms
Download: 134.47 Mbit/s
Upload: 11.23 Mbit/s
#automagic #python #corporateaccountability",BeardySmeardy,"Newtown, CT"
[],"idk but I came across a video of a python covered in ticks and I CANNOT get over it yall 

who invented ticks and why",laanegratomasa,Chicago
[],"Yah whilin, we gotta get this environment shit right",Assburgerzz,"Connecticut, USA"
[],"RT @Oli4Twist: After a long time away from blogging here is a new post:

Automate Your Power BI Dataset Refresh with Python https://t.co/xM‚Ä¶",sohail_here,"Bengalore, India"
"['AI', 'MachineLearning', 'ecommerce']","RT @mhgaber: Machine Learning for Retail Price Recommendation with Python
#AI #MachineLearning #ecommerce https://t.co/7gGRWLt3ld",SantchiWeb,Wirral
"['code', 'Java', 'javascript', 'HTML', 'Python', 'Computersciencestudent', 'ITstudent', 'student', 'studentlife']","Can you code?

#code #Java #javascript #HTML #Python #Computersciencestudent #ITstudent #student #studentlife https://t.co/Bw9TZB8rOr",the_work_vault,
"['GitHub', 'Jupyter', 'Python', 'coding', 'programming']","RT @_M_Haroon_: Putting together something for #GitHub using #Jupyter with #Python 3. Notebooks makes annotation easy.
#coding #programming‚Ä¶",Ashot_,"Jax,FL"
['esauver'],"Learn to use Python to create your own White Hat Hacking Tools. 
Get this course: https://t.co/55CaUl6eSH 
#esauver‚Ä¶ https://t.co/DSPmSaMe3i",e_sauver,"125-720 King Street West, Suit"
['DataScientists'],RT @machine_ml: RT @cybersecboardrm: RT @bobehayes: Programming Languages Most Used and Recommended by #DataScientists https://t.co/lK2Wzhg‚Ä¶,Ashot_,"Jax,FL"
[],RT @nowthisnews: This python was found with 500 ticks on its body https://t.co/2Oc4kjMlLe,CyndiluRojas,"M√©xico, Monterrey"
[],Tutorial ‚Äì Getting Started with GraphLab For Machine Learning in Python https://t.co/Scvk24jATh,DataScienceCtrl,"Los Angeles, CA"
[],RT @gdrdiamandis: ‚Äî    I sing the national anthem while I'm standing over your body hold you like a python and you can't keep your hands of‚Ä¶,koengdr,Haise
[],"JANUARY FEATURED COURSES
Complete Data Science Bootcamp
Best Selling Course:33538 students enrolled
Complete Data S‚Ä¶ https://t.co/ioF5qBSY0e",byLilyV,"Bradford, Yorkshire"
[],RT @DataScienceCtrl: [New] How to Learn Python in 30 days https://t.co/wFOiiSmzyQ,machinelearnflx,
[],RT @nowthisnews: This python was found with 500 ticks on its body https://t.co/2Oc4kjMlLe,iamelijahrock,"New York, NY"
[],RT @nowthisnews: This python was found with 500 ticks on its body https://t.co/2Oc4kjMlLe,CharlesBucowski,The Trough
[],Python stakes claim to be programming language of the year https://t.co/n7gXHQC3Im,MedicalQuack,"Orange County, CA"
"['programming', 'developer', 'coding', 'programmer', 'reactjs', 'we']",RT @FullstackDevJS: Complete Python Bootcamp: Go from zero to hero in Python #programming #developer #coding #programmer #reactjs #we... ht‚Ä¶,DavidDgreatDev,SOMEWHERE
[],@JaneMundon His post brought this Monty Python sketch to mind... https://t.co/Ht3HE9S7aj,thinkaboutit663,
[],RT @nowthisnews: This python was found with 500 ticks on its body https://t.co/2Oc4kjMlLe,NjauMuchira,earth :)
[],RT @nowthisnews: This python was found with 500 ticks on its body https://t.co/2Oc4kjMlLe,Julaaaaas,Indonesia
[],"RT @humble: Just 3 hours left! Last chance to pick up the Humble Book Bundle: Python 2019 by Packt!

https://t.co/LRdaRd2HFs https://t.co/1‚Ä¶",ChazNaezda,"Hawaii, USA"
[],RT @nowthisnews: This python was found with 500 ticks on its body https://t.co/2Oc4kjMlLe,KelliCS1,Black
"['snakes', 'reptiles', 'herp', 'herps', 'pet', 'morphs']","Wookie Yellowbelly Female Ball Python by Designer Ball Pythons, $1500 #snakes #reptiles #herp #herps #pet #morphs‚Ä¶ https://t.co/Nl8JXm33uO",MorphMarket,
[],"RT @newsycombinator: Composing Programs in Python, SICP Style https://t.co/e7Yb2mI86L",hacktoon,"Sao Paulo, Brazil"
[],RT @nowthisnews: This python was found with 500 ticks on its body https://t.co/2Oc4kjMlLe,jsnbestmitchell,Trinidad & Tobago
[],RT @nowthisnews: This python was found with 500 ticks on its body https://t.co/2Oc4kjMlLe,Qhalid_Hassan,
[],DataScienceCtrl: Tutorial ‚Äì Getting Started with GraphLab For Machine Learning in Python https://t.co/4zDej2M5r4,Data_Science123,United States
"['code', 'Java', 'javascript', 'HTML', 'Python', 'Computersciencestudent', 'ITstudent', 'student', 'studentlife']","RT @the_work_vault: Can you code?

#code #Java #javascript #HTML #Python #Computersciencestudent #ITstudent #student #studentlife https://t‚Ä¶",PhoenixGyaan,Cloud
[],Programmers have created a Python script in which print and archive tweets that mention the new Brazilian president‚Ä¶ https://t.co/gQTljktBj0,CodingRights,
['AI'],"The Code Side of #AI: Reviewing Most Popular Programming Languages for Artificial Intelligence Development
üëá
Python‚Ä¶ https://t.co/EuH6HkpBlo",ipfconline1,"Marseille, France"
[],It's never too early to get a head start. Here was the latest @googledevs news from last week.,timothyjordan,California
"['Programming', 'python']",5 #Programming Languages to Consider Learning in 2019  https://t.co/JmYFCtdmx0  @Dicedotcom #python https://t.co/2uzrib1mQH,eTeki_Inc,"Tampa, FL"
[],RT @nowthisnews: This python was found with 500 ticks on its body https://t.co/2Oc4kjMlLe,drworm_,
[],"OK, this looks really cool for nerd hockey fans: Woohue is a Python program that retrieves information from the pub‚Ä¶ https://t.co/XdCv0YSjL3",brentsmi,"Vancouver, British Columbia"
"['python', 'javascript', 'angular', 'reactjs', 'vuejs', 'perl', 'ruby', 'Csharp']","Beginning Blockchain : https://t.co/0eLbtxPuEx
#python #javascript #angular #reactjs #vuejs #perl #ruby #Csharp‚Ä¶ https://t.co/15NG6AIwjP",ProgrammerBooks,Wordwide
[],RT @ZaminIqbal: I'm recruiting! Bioinformatician to lead the sequence analysis pipelines for 100k M. tuberculosis genomes at @emblebi for @‚Ä¶,sanejargon,Exeter
['PhilosophersFootball'],Somebody should Brexit-meme the Monty Python's #PhilosophersFootball sketch.,RutMul,
"['python', 'cheatsheet', 'formatting', 'fstrings', 'code']","Formatted String Literals or f-strings

#python #cheatsheet #formatting #fstrings #code 

https://t.co/z2Brfnujpc https://t.co/7Ve3GGT4AK",pyCheatsheet,
['100DaysofMLCode'],"Day 1: Basics of Python, as I have to write most of the codes under it so lets get better in it. #100DaysofMLCode",mustaqimkhan317,"Dhaka, Bangladesh"
"['python', 'javascript', 'angular', 'reactjs', 'vuejs', 'perl', 'ruby', 'Csharp', 'Java']","RT @ProgrammerBooks: Beginning Blockchain : https://t.co/0eLbtxPuEx
#python #javascript #angular #reactjs #vuejs #perl #ruby #Csharp #Java‚Ä¶",jcgo810326,Lima
[],"Data Analysis with Pandas and Python

&gt;  Perform a multitude of data operations in Python's popular ""pandas"" librar‚Ä¶ https://t.co/Ri31fCHMzR",datasciencezing,
['100DaysofMLCode'],"RT @mustaqimkhan317: Day 1: Basics of Python, as I have to write most of the codes under it so lets get better in it. #100DaysofMLCode",100DaysOfMLCode,
[],"@DatabaseSponge @JiminyPan @nickbarreto Hey now, I just figured out that a perplexing error was due to a Python 3 b‚Ä¶ https://t.co/UtqKyEqg0s",Simon_Collinson,"Toronto, Ontario"
[],RT @nowthisnews: This python was found with 500 ticks on its body https://t.co/2Oc4kjMlLe,kolade_awo,"Lagos, Nigeria"
['PhilosophersFootball'],Somebody should Brexit-meme Monty Python's #PhilosophersFootball sketch.,RutMul,
[],"RT @AnalyticsVidhya: Scikit-learn is one of the most popular Python libraries, and if often the one we turn to when building machine learni‚Ä¶",richierossie85,"Accra, Ghana"
['TidySchmovies'],Monty Python's The Cleaning of Life #TidySchmovies,Evi1Geniu5,Grimsby N.E.Lincs 
"['data', 'python', 'DataScience']",Learn how to clean and analyze #data using #python with @thedatainc's Introduction to Python for #DataScience works‚Ä¶ https://t.co/qj0AQcSxIq,thedatainc,"New York, USA"
[],"RT @FeatherHoodie: (cw snakes )
I got myself a ball python! She's an adult blue eyed leucistic and I'm naming her Faust. I never thought I'‚Ä¶",Caramelteufel,CaramelHell
[],Python Projects For Beginners | Python Projects Examples | Python Certification |¬†Edureka https://t.co/KRjVhcBOSG,syedmu83,
[],"python 2 or python 3
which one should I learn ???",hungry_prashant,Indore / Pune
"['DataScientists', 'Python', 'SQL', 'Rstat']","RT @bobehayes: Programming Languages Most Used and Recommended by #DataScientists https://t.co/7GfkX4yDIq 
1. #Python
2. #SQL
3. #Rstat
4.‚Ä¶",rustam_dushanbe,"Dushanbe, Tajikistan"
['PyConAPAC2019'],"RT @pyconph: #PyConAPAC2019 Keynote Speakers

Get your tickets at https://t.co/SiHjdH05b6 https://t.co/AdDoPjLDVL",azeltan,Makati City
"['python', 'cheatsheet', 'formatting', 'fstrings', 'code']","Formatted String Literals or f-strings 

https://t.co/z2BrfncIxE

#python #cheatsheet #formatting #fstrings #code https://t.co/oRZMr9bYML",pyCheatsheet,
[],RT @nowthisnews: This python was found with 500 ticks on its body https://t.co/2Oc4kjMlLe,GoVeganWorld,üåé
[],"RT @progate_en: Marketers with coding skill will definitely be scarce! 
Especially, SQL can make a huge impact on your task with a little t‚Ä¶",ANCarrillo964,üáªüá¶üá∫üá∏üá™üá™üá®üá¶üá≤üáΩüá®üá≠
[],"As someone who was able to meet John Cleese in person last July, this is a perfectly accurate analogy. :D",GoldenTalesGeek,The TARDIS and/or Moya.
[],Machine Learning in Python https://t.co/CNQoqs0ja8,dsguide_,Worldwide
[],RT @nowthisnews: This python was found with 500 ticks on its body https://t.co/2Oc4kjMlLe,Elizabeth_USA27,"Florida, USA"
[],"RT @rawmaxx: R/t if you think can handle itüôãüèæ‚Äç‚ôÇÔ∏èüçÜ
Python https://t.co/Vh30un4Aza",NCquietstorm,NC. and mostly East coast
[],Input: Fonts for Code ‚Äî Preview https://t.co/ftiNZIIw73,nuncapops,"San Francisco, CA"
"['MachineLearning', 'ODSC']",RT @KirkDBorne: #MachineLearning Guide for 2019 ‚Äî 20 Free #ODSC Resources (blogs &amp; videos) to Learn Machine Learning: https://t.co/tdRzf4NA‚Ä¶,JayroEfren,
[],RT: DataScienceCtrl Tutorial ‚Äì Getting Started with GraphLab For Machine Learning in Python https://t.co/1TIwxK41wy,shyamprasad_n,"North-East Region, Singapore"
[],I am definitely learning more of the server side language in web development this year. I have more Front End Devel‚Ä¶ https://t.co/kh9Su7fplB,OBouapha,"Berry Hill, TN"
[],"SEEKING: Senior Python Engineer! Candidates will be responsible for managing, extending and scaling our core backen‚Ä¶ https://t.co/tfAM92OZ9T",peerfit,
"['ruby', 'rubyonrails', 'python', 'javascript', 'docker', 'qa', 'azure']",Shopify is looking for a Director of Security Engineering. #ruby #rubyonrails #python #javascript #docker #qa #azure https://t.co/jUAgh5xiv1,jobsicle_io,"Toronto, Ontario"
[],RT @nuncapops: Input: Fonts for Code ‚Äî Preview https://t.co/ftiNZIIw73,DeveloperGuide,United States
[],RT @Emtes55: Thank you again @lazymimium for this adorable Python üíô You made him really fancy üëÄ https://t.co/fMTaqesBrP,MaggyChatter,NY
[],Another reason i should read the foundations of parasitology text book that's been gathering dust on my bookshelf b‚Ä¶ https://t.co/3KcL02NmUi,flvmmingo,InUtero
"['DeepLearning', 'Python', 'CloudComputing', 'DataScience', 'Dataviz', 'IoE']","A Complete Guide on Getting Started with #DeepLearning in #Python

#CloudComputing #DataScience #Dataviz #IoE‚Ä¶ https://t.co/3A44Kxukv3",appwebtech,EU
"['python', 'rstats']","RT @sharon000: Attention people still obsessing over #python vs #rstats ""wars"": @wesmckinn is speaking at this week's RStudio Conference. :‚Ä¶",oliverpfaffel,
"['MachineLearning', 'ODSC']",RT @KirkDBorne: #MachineLearning Guide for 2019 ‚Äî 20 Free #ODSC Resources (blogs &amp; videos) to Learn Machine Learning: https://t.co/tdRzf4NA‚Ä¶,angelesrods,
[],RT @AbeGoldfarb: me at 12 watching monty python and the holy grail‚Äôs ‚Äúhelp help i‚Äôm being repressed‚Äù scene: haha the peasant guy is unexpec‚Ä¶,stellaclair,"Alexandria, VA"
[],"RT @ArtFilmCinema: ""It's a simple question of weight ratios. A five-ounce bird could not carry a one-pound coconut."" 

Monty Python and the‚Ä¶",MarquesDeCotiza,Rep√∫blica de Banania.
"['raspberrypi', 'raspberry', 'raspberrypi', 'python']",NEWS #raspberrypi #raspberry ! https://t.co/pj9a8iD7ee Les news via @slmediation @TechTasticNL @DesignSpark_JP #raspberrypi #python,LaurentF4BWT,FRANCE
[],RT @nowthisnews: This python was found with 500 ticks on its body https://t.co/2Oc4kjMlLe,isabelsmith1977,"Linthorpe, Middlesbrough"
[],RT @nowthisnews: This python was found with 500 ticks on its body https://t.co/2Oc4kjMlLe,RazzleDazzIeDic,Florida/D.C.
"['MachineLearning', 'survey']","Available only until the end of the month, #MachineLearning survey 2019! What is the future of ML? Take the #survey‚Ä¶ https://t.co/raveIQRD6m",quansightai,
[],Slightly tickled that my 2012  textbook Analysing English Grammar CUP is referenced on the Wikipedia page for Monty‚Ä¶ https://t.co/A4L1kxprga,e2Lise,Wales
"['montypython', '50thanniversary']","RT @montypython: Ooooo the buzz... #montypython #50thanniversary 
Monty Python stars reunite over Skype as fans suspect 50th anniversary pl‚Ä¶",ryanlechich711,
['TidySchmovies'],RT @Evi1Geniu5: Monty Python's The Cleaning of Life #TidySchmovies,Lulaveggie,"Norfolk, England"
[],"RT @khanabrar643: SHAME FOR @JohnCleese TO PERFORM IN APARTHEID STATE OF ISRAEL IN SEPTEMBER 2019: British comedian John Cleese, will arriv‚Ä¶",hillerruth,Israel
"['Spectrum', 'InternetSpeed', 'automagic', 'python']","RT @BeardySmeardy: #Spectrum My #InternetSpeed :
Ping: 30.529 ms
Download: 173.63 Mbit/s
Upload: 11.96 Mbit/s
#automagic #python #corporate‚Ä¶",Ashot_,"Jax,FL"
[],RT @JhodgesLondon: I need a few 15-17 year old programming-curious (but inexperienced) teens to do some testing for some upcoming online of‚Ä¶,hungry_prashant,Indore / Pune
[],Python's Pathlib: What Is It and Why Should You Use It? https://t.co/GJeeLP0tSO,pycoders,
['Emacs'],Python asyncio development: is there any checker and/or config to have unawaited async functions flagged? https://t.co/Am55FDPNCx #Emacs,emacsbot,
[],RT @nowthisnews: This python was found with 500 ticks on its body https://t.co/2Oc4kjMlLe,PhillipCSmith42,"Davisville, WV"
"['Palestine', 'Israel']","This is not a Monty Python sketch
This is #Palestine under illegal occupation
@JohnCleese you support this?
#Israel‚Ä¶ https://t.co/MPhslXgws9",OfSurrey,"England, United Kingdom"
"['python', 'cheatsheet', 'formatting', 'fstrings', 'code']","Formatted String Literals or f-strings

https://t.co/z2BrfncIxE

#python #cheatsheet #formatting #fstrings #code https://t.co/yOpKBb4TcU",pyCheatsheet,
[],"RT @cMadan: Interested in trying out a new approach to SVM, implemented in Python? Would be great to have you review the package at @JOSS_T‚Ä¶",cMadan,"Nottingham, UK; Previously Edmonton (CA), Hamburg (DE), Boston (USA)"
['TerryGilliam'],"RT @ArtFilmCinema: ""You just stay here and make sure he doesn't leave the room.""

Monty Python and the Holy Grail (1975) 
#TerryGilliam #Te‚Ä¶",Perroulas,Stockholm
[],RT @swilkinsonbc: Monty Python's John Cleese ends his career in the killing fields of israel performing 'Last Time To See Me [in apartheid]‚Ä¶,OtEasybrown,USA
[],RT @swilkinsonbc: Monty Python's John Cleese ends his career in the killing fields of israel performing 'Last Time To See Me [in apartheid]‚Ä¶,kinnabalu,South of Rockall
[],RT @nowthisnews: This python was found with 500 ticks on its body https://t.co/2Oc4kjMlLe,PostnvtKlarity,The Upside down
[],"I've decided it's time for a murderous rampage.

The only way you can stop me is by quoting your favorite line from‚Ä¶ https://t.co/hdmb0t8XOg",Wh0v1an_4_L1fe,"Barre, VT"
"['Microservices', 'python', 'Python3', 'CloudComputing', 'Cloud', 'Azure', 'AmazonWebServices']","RT @kknath: What are microservices? A quick refresher.

#Microservices #python #Python3 #CloudComputing #Cloud #Azure #AmazonWebServices #D‚Ä¶",chidambara09,Mysore  and  BERLIN 
[],"RT @FeatherHoodie: (cw snakes )
I got myself a ball python! She's an adult blue eyed leucistic and I'm naming her Faust. I never thought I'‚Ä¶",cue_underscore,"California, USA"
[],"RT @Ugandawildlife: We are soon getting new residents @UWEC_EntebbeZoo. Visit in time and see our Queen Mother, the African Rock Python üêçha‚Ä¶",dyermarti1,"Kampala, Uganda"
"['ruby', 'rubyonrails', 'python', 'javascript', 'docker', 'qa', 'azure']",RT @jobsicle_io: Shopify is looking for a Director of Security Engineering. #ruby #rubyonrails #python #javascript #docker #qa #azure https‚Ä¶,digitalsphere33,
"['python', 'javascript', 'angular', 'reactjs', 'vuejs', 'perl', 'ruby', 'Csharp', 'Java']","RT @ProgrammerBooks: Beginning Blockchain : https://t.co/0eLbtxPuEx
#python #javascript #angular #reactjs #vuejs #perl #ruby #Csharp #Java‚Ä¶",digitalsphere33,
"['django', 'python']","The Ultimate Beginner's Guide to Django 1.11
‚òû https://t.co/fsPeHdBiM1

#django #python https://t.co/tcr6c6TWwF",DjangoDv,United States
"['montypython', '50thanniversary']","RT @montypython: Ooooo the buzz... #montypython #50thanniversary 
Monty Python stars reunite over Skype as fans suspect 50th anniversary pl‚Ä¶",huffthetalbot1,"Bristol, England"
[],RT @swilkinsonbc: Monty Python's John Cleese ends his career in the killing fields of israel performing 'Last Time To See Me [in apartheid]‚Ä¶,swilkinsonbc,Feet: UK ‚Ä¶ Heart: Palestine
['AI'],"The Code Side of #AI: Reviewing Most Popular Programming Languages for Artificial Intelligence Development
üëá
Python‚Ä¶ https://t.co/9T2C5i9aD1",NIRAV_88,Bhavnagar
[],New post: Election: Army inaugurates Operation Python Dance III in Borno https://t.co/Ra1aw3O0oP,politicsngr,Nigeria
[],RT @pycoders: Python's Pathlib: What Is It and Why Should You Use It? https://t.co/GJeeLP0tSO,cool_python,"Brighton & Hove, UK"
[],@ggreenwald @TulsiGabbard So much propaganda of guilt -  class division via protestant work ethic perversions creat‚Ä¶ https://t.co/DfNcZvpJ9X,Spinky363,
['Israel'],RT @mgoldenmsp: Shocking language used by @JohnFinnieHI . We need to be working together not stoking hatred. #Israel https://t.co/deOJ46vOUH,PoliticallyPaul,
['Israel'],RT @mgoldenmsp: Shocking language used by @JohnFinnieHI . We need to be working together not stoking hatred. #Israel https://t.co/deOJ46vOUH,ERConservative,"Newton Mearns, Scotland"
"['Python', 'abdsc', 'BigData', 'DataScience', 'MachineLearning', 'Coding']",RT @biconnections: How to Learn #Python in 30 days: https://t.co/onnAkjRH1v  #abdsc #BigData #DataScience #MachineLearning #Coding #DataSci‚Ä¶,chidambara09,Mysore  and  BERLIN 
[],RT @DataScienceCtrl: Tutorial ‚Äì Getting Started with GraphLab For Machine Learning in Python https://t.co/Scvk24jATh,InfonomicsToday,"Palos Verdes Estates, CA"
['Israel'],RT @mgoldenmsp: Shocking language used by @JohnFinnieHI . We need to be working together not stoking hatred. #Israel https://t.co/deOJ46vOUH,R_IConservative,Scotland
[],"RT @ThePSF: Our Request for Proposals for paid contract work on PyPI closes on January 31st!

If you're interested in implementing importan‚Ä¶",AYHarano,"S√£o Caetano do Sul, SP, Brasil"
